account_id,customer_id,account_type,balance,currency,opened_date,status,branch
ACC000001,CUST0011,Current,225194.29,INR,2023-03-01,Active,Banjara Hills
ACC000002,CUST0226,Recurring Deposit,291539.73,INR,2021-03-31,Active,Surat Main
ACC000003,CUST0082,Current,125040.05,INR,2021-04-01,Frozen,Koramangala
ACC000004,CUST0156,Fixed Deposit,3578.59,INR,2023-07-22,Inactive,Surat Main
ACC000005,CUST0035,Fixed Deposit,480034.48,INR,2023-10-12,Active,Salt Lake
ACC000006,CUST0365,Current,207040.73,INR,2023-03-28,Inactive,Andheri
ACC000007,CUST0184,Current,44189.09,INR,2021-12-15,Inactive,Koramangala
ACC000008,CUST0203,Savings,485787.95,INR,2022-08-19,Frozen,Shivaji Nagar
ACC000009,CUST0172,Savings,167839.76,INR,2023-03-01,Inactive,Connaught Place
ACC000010,CUST0284,Savings,211427.37,INR,2022-12-21,Active,Salt Lake
ACC000011,CUST0122,Current,233773.42,INR,2022-12-07,Inactive,Andheri
ACC000012,CUST0080,Fixed Deposit,332305.08,INR,2022-12-01,Active,Koramangala
ACC000013,CUST0066,Savings,98549.98,INR,2024-01-21,Frozen,Navrangpura
ACC000014,CUST0082,Recurring Deposit,418239.44,INR,2022-05-07,Inactive,Shivaji Nagar
ACC000015,CUST0323,Current,361371.91,INR,2023-02-11,Frozen,Banjara Hills
ACC000016,CUST0105,Fixed Deposit,475494.05,INR,2023-10-31,Active,Navrangpura
ACC000017,CUST0306,Current,471072.55,INR,2022-06-19,Inactive,Surat Main
ACC000018,CUST0312,Fixed Deposit,267563.21,INR,2023-04-08,Frozen,Banjara Hills
ACC000019,CUST0348,Current,436259.01,INR,2021-09-09,Frozen,Connaught Place
ACC000020,CUST0015,Fixed Deposit,368101.19,INR,2023-02-28,Frozen,Surat Main
ACC000021,CUST0364,Current,155739.09,INR,2023-03-10,Active,Koramangala
ACC000022,CUST0056,Current,160858.06,INR,2024-09-19,Active,Malviya Nagar
ACC000023,CUST0099,Fixed Deposit,402687.58,INR,2022-09-01,Active,T Nagar
ACC000024,CUST0367,Savings,113599.2,INR,2021-09-16,Inactive,T Nagar
ACC000025,CUST0397,Fixed Deposit,201987.39,INR,2023-08-10,Frozen,Koramangala
ACC000026,CUST0348,Fixed Deposit,88608.52,INR,2023-01-21,Frozen,Shivaji Nagar
ACC000027,CUST0359,Recurring Deposit,13119.17,INR,2024-12-12,Inactive,Banjara Hills
ACC000028,CUST0051,Recurring Deposit,176380.7,INR,2024-07-11,Active,T Nagar
ACC000029,CUST0376,Savings,135808.66,INR,2024-06-01,Active,Andheri
ACC000030,CUST0221,Recurring Deposit,20479.27,INR,2021-11-28,Active,T Nagar
ACC000031,CUST0283,Current,190680.63,INR,2021-03-22,Inactive,Koramangala
ACC000032,CUST0131,Current,285297.55,INR,2023-12-03,Inactive,Surat Main
ACC000033,CUST0392,Fixed Deposit,467869.53,INR,2021-08-18,Frozen,T Nagar
ACC000034,CUST0311,Savings,437618.61,INR,2024-04-13,Frozen,Andheri
ACC000035,CUST0164,Current,340693.99,INR,2021-03-18,Active,Shivaji Nagar
ACC000036,CUST0383,Savings,208909.54,INR,2023-03-18,Frozen,Banjara Hills
ACC000037,CUST0218,Fixed Deposit,263898.64,INR,2022-12-16,Inactive,Shivaji Nagar
ACC000038,CUST0358,Recurring Deposit,254574.83,INR,2024-10-17,Active,Salt Lake
ACC000039,CUST0023,Current,245010.28,INR,2022-01-23,Frozen,Malviya Nagar
ACC000040,CUST0400,Fixed Deposit,87678.12,INR,2021-12-02,Frozen,Banjara Hills
ACC000041,CUST0087,Fixed Deposit,125220.19,INR,2021-05-02,Inactive,Shivaji Nagar
ACC000042,CUST0160,Recurring Deposit,46723.4,INR,2024-07-27,Active,Koramangala
ACC000043,CUST0362,Recurring Deposit,335332.03,INR,2022-05-03,Active,Andheri
ACC000044,CUST0180,Recurring Deposit,66984.51,INR,2024-08-05,Frozen,T Nagar
ACC000045,CUST0301,Current,442400.32,INR,2021-10-18,Frozen,Banjara Hills
ACC000046,CUST0281,Fixed Deposit,314886.14,INR,2021-08-30,Inactive,Koramangala
ACC000047,CUST0393,Current,299542.3,INR,2023-08-03,Inactive,Banjara Hills
ACC000048,CUST0185,Savings,345220.22,INR,2021-01-26,Inactive,Banjara Hills
ACC000049,CUST0156,Savings,30635.76,INR,2022-07-30,Active,Connaught Place
ACC000050,CUST0083,Fixed Deposit,224285.05,INR,2021-08-20,Inactive,Navrangpura
ACC000051,CUST0087,Recurring Deposit,284808.24,INR,2022-08-16,Frozen,Connaught Place
ACC000052,CUST0043,Savings,5901.67,INR,2023-09-22,Frozen,Shivaji Nagar
ACC000053,CUST0223,Fixed Deposit,54846.84,INR,2023-09-29,Inactive,Banjara Hills
ACC000054,CUST0330,Fixed Deposit,4646.92,INR,2021-07-06,Inactive,Surat Main
ACC000055,CUST0071,Fixed Deposit,326709.93,INR,2021-06-10,Frozen,Andheri
ACC000056,CUST0152,Savings,387332.05,INR,2021-10-25,Inactive,Koramangala
ACC000057,CUST0381,Current,51537.45,INR,2022-09-28,Frozen,Shivaji Nagar
ACC000058,CUST0164,Recurring Deposit,92679.15,INR,2022-12-31,Active,Shivaji Nagar
ACC000059,CUST0130,Current,275791.54,INR,2023-01-27,Active,Andheri
ACC000060,CUST0362,Savings,54064.41,INR,2024-07-10,Inactive,Andheri
ACC000061,CUST0375,Current,247442.73,INR,2023-10-21,Active,T Nagar
ACC000062,CUST0084,Savings,71372.89,INR,2022-04-11,Active,Navrangpura
ACC000063,CUST0226,Recurring Deposit,45285.75,INR,2021-03-23,Inactive,Banjara Hills
ACC000064,CUST0017,Current,361613.67,INR,2021-01-06,Frozen,Malviya Nagar
ACC000065,CUST0339,Recurring Deposit,72009.49,INR,2021-05-28,Active,Malviya Nagar
ACC000066,CUST0225,Recurring Deposit,445366.64,INR,2021-05-09,Active,Koramangala
ACC000067,CUST0227,Current,189721.95,INR,2021-01-09,Frozen,Shivaji Nagar
ACC000068,CUST0166,Current,234684.48,INR,2024-01-17,Frozen,Navrangpura
ACC000069,CUST0080,Recurring Deposit,485662.26,INR,2024-07-05,Inactive,Surat Main
ACC000070,CUST0371,Savings,405668.49,INR,2021-05-03,Frozen,Shivaji Nagar
ACC000071,CUST0189,Fixed Deposit,282729.12,INR,2023-05-13,Inactive,Koramangala
ACC000072,CUST0325,Fixed Deposit,432698.67,INR,2023-12-23,Active,Banjara Hills
ACC000073,CUST0354,Current,339502.5,INR,2023-07-06,Active,Koramangala
ACC000074,CUST0185,Fixed Deposit,277661.18,INR,2023-05-03,Frozen,Banjara Hills
ACC000075,CUST0117,Recurring Deposit,198473.39,INR,2021-08-22,Active,Banjara Hills
ACC000076,CUST0333,Savings,111018.98,INR,2022-06-04,Active,Banjara Hills
ACC000077,CUST0284,Fixed Deposit,354694.46,INR,2022-04-10,Inactive,Banjara Hills
ACC000078,CUST0291,Savings,367925.56,INR,2024-04-20,Active,Salt Lake
ACC000079,CUST0258,Savings,400267.07,INR,2021-10-03,Frozen,Malviya Nagar
ACC000080,CUST0053,Savings,313484.06,INR,2023-11-22,Inactive,Salt Lake
ACC000081,CUST0289,Current,483996.35,INR,2022-01-28,Inactive,Connaught Place
ACC000082,CUST0030,Current,186995.43,INR,2024-06-21,Inactive,Banjara Hills
ACC000083,CUST0360,Savings,186487.28,INR,2021-02-01,Frozen,Banjara Hills
ACC000084,CUST0070,Recurring Deposit,150315.03,INR,2024-12-19,Inactive,Connaught Place
ACC000085,CUST0087,Current,281698.15,INR,2022-12-28,Inactive,Shivaji Nagar
ACC000086,CUST0123,Savings,412902.42,INR,2021-09-09,Inactive,Malviya Nagar
ACC000087,CUST0310,Fixed Deposit,361028.62,INR,2021-03-31,Inactive,Connaught Place
ACC000088,CUST0058,Fixed Deposit,274642.09,INR,2024-05-20,Active,Banjara Hills
ACC000089,CUST0229,Fixed Deposit,177499.92,INR,2024-11-22,Active,Surat Main
ACC000090,CUST0250,Recurring Deposit,57231.3,INR,2021-02-12,Active,Connaught Place
ACC000091,CUST0149,Fixed Deposit,93041.76,INR,2024-02-10,Frozen,Salt Lake
ACC000092,CUST0276,Current,294363.56,INR,2022-05-28,Frozen,T Nagar
ACC000093,CUST0078,Recurring Deposit,7393.45,INR,2022-12-03,Inactive,Malviya Nagar
ACC000094,CUST0039,Recurring Deposit,436592.86,INR,2021-03-14,Active,Surat Main
ACC000095,CUST0355,Recurring Deposit,421557.91,INR,2021-11-21,Inactive,Salt Lake
ACC000096,CUST0265,Current,436573.7,INR,2024-06-05,Active,Shivaji Nagar
ACC000097,CUST0068,Fixed Deposit,264365.6,INR,2022-09-30,Frozen,Surat Main
ACC000098,CUST0373,Savings,106084.39,INR,2023-01-10,Inactive,Shivaji Nagar
ACC000099,CUST0161,Recurring Deposit,194246.71,INR,2022-12-26,Active,Shivaji Nagar
ACC000100,CUST0128,Recurring Deposit,167222.83,INR,2021-02-12,Inactive,Surat Main
ACC000101,CUST0074,Savings,315621.82,INR,2024-10-06,Inactive,Salt Lake
ACC000102,CUST0183,Fixed Deposit,32209.73,INR,2022-06-21,Frozen,Surat Main
ACC000103,CUST0288,Current,496095.18,INR,2021-03-11,Active,Banjara Hills
ACC000104,CUST0051,Recurring Deposit,316734.36,INR,2024-07-23,Inactive,T Nagar
ACC000105,CUST0349,Current,436470.35,INR,2021-10-17,Active,T Nagar
ACC000106,CUST0326,Fixed Deposit,369896.28,INR,2023-11-09,Active,Shivaji Nagar
ACC000107,CUST0173,Recurring Deposit,167546.62,INR,2024-12-13,Frozen,Shivaji Nagar
ACC000108,CUST0121,Recurring Deposit,252114.77,INR,2022-05-14,Inactive,Koramangala
ACC000109,CUST0233,Current,103078.37,INR,2024-10-07,Inactive,Navrangpura
ACC000110,CUST0087,Recurring Deposit,284579.09,INR,2022-09-12,Frozen,Connaught Place
ACC000111,CUST0130,Current,151093.99,INR,2022-09-24,Frozen,Surat Main
ACC000112,CUST0299,Fixed Deposit,37213.52,INR,2022-01-25,Active,Surat Main
ACC000113,CUST0240,Current,152466.5,INR,2022-12-25,Inactive,Salt Lake
ACC000114,CUST0090,Savings,419374.26,INR,2022-10-16,Inactive,T Nagar
ACC000115,CUST0138,Savings,379366.6,INR,2024-07-06,Active,Andheri
ACC000116,CUST0103,Current,24323.33,INR,2023-07-07,Frozen,T Nagar
ACC000117,CUST0067,Savings,98757.11,INR,2021-04-27,Frozen,Andheri
ACC000118,CUST0175,Savings,37185.65,INR,2024-03-24,Frozen,Koramangala
ACC000119,CUST0329,Savings,94494.38,INR,2024-01-05,Active,Shivaji Nagar
ACC000120,CUST0384,Savings,106507.05,INR,2022-11-01,Active,Navrangpura
ACC000121,CUST0090,Recurring Deposit,305088.46,INR,2022-11-23,Active,Salt Lake
ACC000122,CUST0172,Savings,44055.42,INR,2024-06-08,Inactive,Surat Main
ACC000123,CUST0007,Recurring Deposit,128880.18,INR,2023-08-07,Active,Shivaji Nagar
ACC000124,CUST0364,Fixed Deposit,28480.77,INR,2024-06-11,Frozen,Shivaji Nagar
ACC000125,CUST0108,Current,47177.63,INR,2021-11-16,Active,Malviya Nagar
ACC000126,CUST0217,Savings,179243.45,INR,2023-01-11,Inactive,Malviya Nagar
ACC000127,CUST0295,Current,328851.0,INR,2024-05-17,Inactive,Banjara Hills
ACC000128,CUST0391,Fixed Deposit,406820.32,INR,2023-09-06,Active,T Nagar
ACC000129,CUST0268,Recurring Deposit,279870.36,INR,2023-01-11,Frozen,T Nagar
ACC000130,CUST0244,Current,126831.27,INR,2024-02-18,Active,Shivaji Nagar
ACC000131,CUST0206,Current,494767.82,INR,2022-04-13,Active,Andheri
ACC000132,CUST0257,Current,61550.09,INR,2024-01-18,Active,Malviya Nagar
ACC000133,CUST0188,Current,129926.98,INR,2024-05-26,Frozen,Koramangala
ACC000134,CUST0271,Current,435482.2,INR,2021-11-28,Active,Shivaji Nagar
ACC000135,CUST0110,Current,221057.74,INR,2023-10-19,Frozen,Shivaji Nagar
ACC000136,CUST0014,Recurring Deposit,230319.43,INR,2022-10-26,Active,Andheri
ACC000137,CUST0346,Savings,403472.49,INR,2023-04-03,Inactive,Andheri
ACC000138,CUST0193,Current,282318.44,INR,2023-04-20,Frozen,Banjara Hills
ACC000139,CUST0364,Savings,126338.42,INR,2022-06-22,Inactive,Banjara Hills
ACC000140,CUST0389,Current,177474.99,INR,2022-10-30,Inactive,T Nagar
ACC000141,CUST0111,Fixed Deposit,439770.42,INR,2023-10-19,Frozen,Koramangala
ACC000142,CUST0385,Recurring Deposit,431603.44,INR,2022-07-02,Active,T Nagar
ACC000143,CUST0249,Fixed Deposit,44672.25,INR,2021-01-09,Active,Koramangala
ACC000144,CUST0232,Fixed Deposit,341545.3,INR,2024-05-08,Active,Surat Main
ACC000145,CUST0377,Savings,441487.59,INR,2022-03-06,Inactive,Andheri
ACC000146,CUST0153,Recurring Deposit,91557.46,INR,2021-10-14,Frozen,Andheri
ACC000147,CUST0069,Savings,76388.01,INR,2021-01-20,Inactive,Koramangala
ACC000148,CUST0238,Fixed Deposit,49225.42,INR,2021-12-12,Frozen,Salt Lake
ACC000149,CUST0341,Savings,207393.68,INR,2024-08-08,Frozen,Salt Lake
ACC000150,CUST0300,Fixed Deposit,489835.18,INR,2021-03-09,Active,Banjara Hills
ACC000151,CUST0305,Savings,19418.07,INR,2023-10-31,Active,Surat Main
ACC000152,CUST0025,Recurring Deposit,349362.73,INR,2021-02-10,Inactive,Connaught Place
ACC000153,CUST0070,Savings,60671.58,INR,2023-09-26,Frozen,Salt Lake
ACC000154,CUST0277,Savings,89901.11,INR,2024-11-04,Active,Malviya Nagar
ACC000155,CUST0040,Savings,265200.92,INR,2023-10-14,Inactive,Banjara Hills
ACC000156,CUST0361,Current,365833.48,INR,2022-07-14,Active,Andheri
ACC000157,CUST0101,Fixed Deposit,134867.41,INR,2021-03-30,Frozen,Andheri
ACC000158,CUST0137,Recurring Deposit,394864.64,INR,2023-01-13,Active,Shivaji Nagar
ACC000159,CUST0145,Savings,326730.68,INR,2024-01-20,Frozen,Shivaji Nagar
ACC000160,CUST0205,Recurring Deposit,491189.52,INR,2022-07-05,Inactive,Shivaji Nagar
ACC000161,CUST0199,Recurring Deposit,191796.33,INR,2021-11-06,Inactive,Salt Lake
ACC000162,CUST0003,Current,449099.57,INR,2024-07-24,Active,Surat Main
ACC000163,CUST0124,Fixed Deposit,346985.78,INR,2023-02-12,Active,Connaught Place
ACC000164,CUST0367,Savings,421607.13,INR,2021-03-10,Active,Salt Lake
ACC000165,CUST0282,Fixed Deposit,342583.06,INR,2023-06-26,Frozen,Shivaji Nagar
ACC000166,CUST0243,Recurring Deposit,485820.73,INR,2021-01-02,Frozen,Navrangpura
ACC000167,CUST0121,Fixed Deposit,296350.8,INR,2023-02-18,Frozen,Salt Lake
ACC000168,CUST0270,Fixed Deposit,356230.39,INR,2023-03-17,Inactive,Surat Main
ACC000169,CUST0341,Fixed Deposit,36461.56,INR,2024-01-18,Active,Surat Main
ACC000170,CUST0370,Fixed Deposit,131507.79,INR,2023-08-28,Inactive,Malviya Nagar
ACC000171,CUST0034,Recurring Deposit,285567.38,INR,2021-10-18,Frozen,Shivaji Nagar
ACC000172,CUST0123,Current,263973.39,INR,2023-01-20,Frozen,Koramangala
ACC000173,CUST0091,Current,411031.56,INR,2023-08-01,Frozen,Andheri
ACC000174,CUST0063,Fixed Deposit,190940.41,INR,2023-05-27,Inactive,Koramangala
ACC000175,CUST0183,Fixed Deposit,187885.87,INR,2023-01-18,Frozen,Malviya Nagar
ACC000176,CUST0141,Fixed Deposit,226676.13,INR,2021-06-30,Inactive,T Nagar
ACC000177,CUST0325,Recurring Deposit,347660.33,INR,2023-07-10,Inactive,Koramangala
ACC000178,CUST0188,Current,3456.8,INR,2021-09-25,Inactive,Malviya Nagar
ACC000179,CUST0175,Current,311561.38,INR,2023-12-08,Inactive,T Nagar
ACC000180,CUST0293,Savings,278322.11,INR,2021-01-02,Inactive,Andheri
ACC000181,CUST0141,Current,153616.63,INR,2024-01-21,Inactive,T Nagar
ACC000182,CUST0047,Current,133069.29,INR,2023-06-17,Frozen,Navrangpura
ACC000183,CUST0149,Savings,101240.63,INR,2023-05-17,Frozen,Shivaji Nagar
ACC000184,CUST0188,Savings,358843.36,INR,2023-02-09,Active,T Nagar
ACC000185,CUST0132,Recurring Deposit,215768.05,INR,2024-05-29,Inactive,Banjara Hills
ACC000186,CUST0317,Recurring Deposit,424923.98,INR,2021-09-23,Active,Surat Main
ACC000187,CUST0169,Fixed Deposit,32146.43,INR,2022-02-21,Active,Connaught Place
ACC000188,CUST0213,Recurring Deposit,190011.84,INR,2023-12-13,Inactive,Andheri
ACC000189,CUST0237,Savings,296591.9,INR,2023-08-06,Frozen,Salt Lake
ACC000190,CUST0034,Recurring Deposit,497467.65,INR,2021-12-27,Inactive,Salt Lake
ACC000191,CUST0344,Recurring Deposit,68072.97,INR,2021-01-20,Active,Banjara Hills
ACC000192,CUST0151,Recurring Deposit,271061.84,INR,2024-10-24,Frozen,Shivaji Nagar
ACC000193,CUST0047,Recurring Deposit,385054.19,INR,2021-08-30,Active,Connaught Place
ACC000194,CUST0386,Savings,51302.37,INR,2021-06-30,Active,Surat Main
ACC000195,CUST0103,Recurring Deposit,27974.84,INR,2024-10-26,Frozen,Shivaji Nagar
ACC000196,CUST0354,Recurring Deposit,431567.26,INR,2024-02-02,Frozen,Salt Lake
ACC000197,CUST0321,Current,499048.25,INR,2021-04-13,Active,Shivaji Nagar
ACC000198,CUST0096,Fixed Deposit,95530.08,INR,2021-01-13,Frozen,T Nagar
ACC000199,CUST0131,Fixed Deposit,43763.94,INR,2023-02-25,Frozen,T Nagar
ACC000200,CUST0349,Recurring Deposit,255734.98,INR,2023-05-11,Active,T Nagar
ACC000201,CUST0224,Fixed Deposit,124636.98,INR,2023-02-18,Frozen,T Nagar
ACC000202,CUST0107,Fixed Deposit,101402.65,INR,2021-04-17,Frozen,Shivaji Nagar
ACC000203,CUST0299,Recurring Deposit,328332.76,INR,2024-12-24,Active,Shivaji Nagar
ACC000204,CUST0285,Fixed Deposit,100532.89,INR,2024-12-18,Frozen,Andheri
ACC000205,CUST0210,Fixed Deposit,4750.69,INR,2021-05-19,Frozen,Shivaji Nagar
ACC000206,CUST0150,Savings,137141.76,INR,2023-06-19,Active,Banjara Hills
ACC000207,CUST0105,Recurring Deposit,203299.34,INR,2023-07-01,Active,Andheri
ACC000208,CUST0064,Current,217143.53,INR,2024-08-02,Active,Koramangala
ACC000209,CUST0093,Savings,407240.92,INR,2023-10-16,Active,Malviya Nagar
ACC000210,CUST0369,Current,249359.38,INR,2024-10-12,Frozen,T Nagar
ACC000211,CUST0075,Current,267456.84,INR,2021-11-22,Frozen,Banjara Hills
ACC000212,CUST0047,Savings,233098.77,INR,2022-02-17,Active,Salt Lake
ACC000213,CUST0362,Current,329610.7,INR,2022-06-12,Inactive,Salt Lake
ACC000214,CUST0069,Current,434153.17,INR,2024-11-25,Active,Koramangala
ACC000215,CUST0299,Recurring Deposit,147170.74,INR,2022-04-22,Inactive,Malviya Nagar
ACC000216,CUST0167,Current,155128.53,INR,2022-06-13,Frozen,Banjara Hills
ACC000217,CUST0119,Current,472805.52,INR,2024-09-24,Inactive,Andheri
ACC000218,CUST0150,Fixed Deposit,190297.33,INR,2024-08-05,Active,Malviya Nagar
ACC000219,CUST0373,Savings,99478.95,INR,2021-11-01,Active,Salt Lake
ACC000220,CUST0020,Fixed Deposit,339613.96,INR,2021-08-23,Inactive,Connaught Place
ACC000221,CUST0270,Current,498066.22,INR,2023-12-10,Active,T Nagar
ACC000222,CUST0048,Recurring Deposit,174300.3,INR,2023-10-14,Active,Navrangpura
ACC000223,CUST0299,Fixed Deposit,432064.1,INR,2024-05-09,Frozen,Connaught Place
ACC000224,CUST0394,Current,70284.12,INR,2022-07-10,Active,Surat Main
ACC000225,CUST0052,Fixed Deposit,16685.75,INR,2024-05-11,Active,Shivaji Nagar
ACC000226,CUST0154,Current,472228.3,INR,2024-09-06,Active,Koramangala
ACC000227,CUST0127,Fixed Deposit,175439.81,INR,2023-09-13,Inactive,Shivaji Nagar
ACC000228,CUST0036,Current,55269.29,INR,2022-09-03,Frozen,Malviya Nagar
ACC000229,CUST0058,Recurring Deposit,48286.49,INR,2024-02-04,Active,Surat Main
ACC000230,CUST0021,Recurring Deposit,230967.73,INR,2021-03-11,Frozen,Surat Main
ACC000231,CUST0068,Savings,206798.14,INR,2024-11-27,Inactive,Surat Main
ACC000232,CUST0376,Fixed Deposit,38578.53,INR,2024-09-20,Active,Shivaji Nagar
ACC000233,CUST0170,Current,331541.54,INR,2021-07-04,Active,Navrangpura
ACC000234,CUST0055,Fixed Deposit,74944.05,INR,2021-07-12,Active,Connaught Place
ACC000235,CUST0278,Current,248316.35,INR,2024-01-03,Active,Shivaji Nagar
ACC000236,CUST0275,Recurring Deposit,123362.07,INR,2024-03-10,Active,Malviya Nagar
ACC000237,CUST0146,Fixed Deposit,183766.15,INR,2022-02-09,Inactive,Malviya Nagar
ACC000238,CUST0373,Current,494025.24,INR,2022-05-07,Frozen,Malviya Nagar
ACC000239,CUST0055,Current,445359.21,INR,2021-01-31,Active,Navrangpura
ACC000240,CUST0045,Current,344635.02,INR,2022-04-15,Active,Koramangala
ACC000241,CUST0202,Fixed Deposit,499079.71,INR,2023-05-19,Frozen,Malviya Nagar
ACC000242,CUST0044,Savings,146332.91,INR,2021-09-05,Frozen,Surat Main
ACC000243,CUST0397,Current,117341.98,INR,2024-05-04,Frozen,Andheri
ACC000244,CUST0051,Current,36990.09,INR,2022-11-22,Active,Banjara Hills
ACC000245,CUST0044,Current,407415.57,INR,2022-12-02,Inactive,Surat Main
ACC000246,CUST0209,Current,5877.52,INR,2023-04-24,Active,Connaught Place
ACC000247,CUST0348,Current,74458.39,INR,2023-11-14,Active,Koramangala
ACC000248,CUST0102,Fixed Deposit,385203.26,INR,2022-02-22,Active,Shivaji Nagar
ACC000249,CUST0020,Savings,498648.25,INR,2023-09-10,Inactive,Malviya Nagar
ACC000250,CUST0326,Fixed Deposit,454094.07,INR,2024-05-20,Active,Banjara Hills
ACC000251,CUST0048,Savings,422939.77,INR,2023-04-23,Frozen,Shivaji Nagar
ACC000252,CUST0345,Current,401770.29,INR,2023-10-06,Frozen,Navrangpura
ACC000253,CUST0156,Current,130023.27,INR,2024-11-21,Active,Navrangpura
ACC000254,CUST0263,Current,217942.79,INR,2024-08-03,Inactive,Surat Main
ACC000255,CUST0385,Savings,34481.96,INR,2022-06-01,Active,Banjara Hills
ACC000256,CUST0122,Current,294019.06,INR,2024-02-25,Inactive,Surat Main
ACC000257,CUST0321,Savings,196310.55,INR,2023-03-20,Frozen,Shivaji Nagar
ACC000258,CUST0117,Recurring Deposit,203417.36,INR,2021-06-28,Frozen,Shivaji Nagar
ACC000259,CUST0154,Recurring Deposit,396578.26,INR,2021-01-10,Inactive,Surat Main
ACC000260,CUST0215,Savings,475520.19,INR,2023-09-01,Inactive,Surat Main
ACC000261,CUST0280,Fixed Deposit,229013.27,INR,2022-11-18,Active,Connaught Place
ACC000262,CUST0318,Fixed Deposit,197238.47,INR,2023-08-13,Active,T Nagar
ACC000263,CUST0096,Fixed Deposit,44444.14,INR,2022-07-10,Frozen,Navrangpura
ACC000264,CUST0062,Recurring Deposit,330669.21,INR,2022-05-11,Active,Andheri
ACC000265,CUST0200,Recurring Deposit,411556.61,INR,2022-01-13,Inactive,Shivaji Nagar
ACC000266,CUST0180,Current,181505.64,INR,2022-04-05,Frozen,Salt Lake
ACC000267,CUST0311,Fixed Deposit,250089.76,INR,2023-11-04,Active,Koramangala
ACC000268,CUST0090,Recurring Deposit,263833.06,INR,2021-01-01,Active,Banjara Hills
ACC000269,CUST0129,Recurring Deposit,282847.28,INR,2024-09-07,Frozen,Shivaji Nagar
ACC000270,CUST0342,Savings,492267.92,INR,2023-11-19,Inactive,Koramangala
ACC000271,CUST0264,Fixed Deposit,333320.97,INR,2021-06-05,Frozen,Shivaji Nagar
ACC000272,CUST0186,Recurring Deposit,133539.0,INR,2022-08-29,Inactive,Salt Lake
ACC000273,CUST0253,Savings,453639.5,INR,2023-10-18,Inactive,Andheri
ACC000274,CUST0061,Savings,437670.99,INR,2024-10-31,Frozen,Salt Lake
ACC000275,CUST0078,Recurring Deposit,155918.13,INR,2023-11-16,Frozen,Surat Main
ACC000276,CUST0248,Recurring Deposit,18036.05,INR,2022-10-29,Active,Andheri
ACC000277,CUST0296,Fixed Deposit,72690.87,INR,2024-04-18,Frozen,Andheri
ACC000278,CUST0329,Recurring Deposit,87204.55,INR,2024-04-22,Inactive,Banjara Hills
ACC000279,CUST0216,Fixed Deposit,386551.81,INR,2021-02-22,Frozen,Salt Lake
ACC000280,CUST0328,Savings,402549.38,INR,2024-10-17,Inactive,Navrangpura
ACC000281,CUST0166,Fixed Deposit,345580.12,INR,2022-07-23,Active,Surat Main
ACC000282,CUST0178,Recurring Deposit,413024.63,INR,2023-12-27,Active,Banjara Hills
ACC000283,CUST0088,Savings,81493.7,INR,2023-12-03,Frozen,T Nagar
ACC000284,CUST0398,Savings,293843.03,INR,2023-02-24,Inactive,Koramangala
ACC000285,CUST0102,Fixed Deposit,155047.05,INR,2023-08-31,Frozen,Shivaji Nagar
ACC000286,CUST0134,Recurring Deposit,201836.94,INR,2024-10-27,Inactive,Salt Lake
ACC000287,CUST0137,Fixed Deposit,193065.79,INR,2023-08-26,Active,Banjara Hills
ACC000288,CUST0327,Recurring Deposit,250877.15,INR,2023-04-17,Active,Shivaji Nagar
ACC000289,CUST0241,Savings,76459.1,INR,2024-01-03,Frozen,Malviya Nagar
ACC000290,CUST0201,Recurring Deposit,376439.57,INR,2022-07-18,Inactive,Salt Lake
ACC000291,CUST0133,Fixed Deposit,425780.72,INR,2021-09-06,Inactive,Andheri
ACC000292,CUST0291,Savings,266332.31,INR,2024-11-30,Inactive,Shivaji Nagar
ACC000293,CUST0036,Fixed Deposit,133128.12,INR,2022-05-14,Frozen,Connaught Place
ACC000294,CUST0057,Recurring Deposit,417282.82,INR,2024-12-28,Inactive,Koramangala
ACC000295,CUST0381,Current,483663.67,INR,2024-07-22,Frozen,Connaught Place
ACC000296,CUST0205,Recurring Deposit,197551.63,INR,2022-12-01,Inactive,Navrangpura
ACC000297,CUST0365,Fixed Deposit,175185.81,INR,2022-01-16,Active,Malviya Nagar
ACC000298,CUST0069,Recurring Deposit,334870.5,INR,2022-08-15,Active,Shivaji Nagar
ACC000299,CUST0258,Savings,462311.93,INR,2021-05-17,Active,Surat Main
ACC000300,CUST0110,Current,289122.68,INR,2023-04-07,Frozen,T Nagar
ACC000301,CUST0387,Current,76002.45,INR,2024-10-07,Active,Malviya Nagar
ACC000302,CUST0381,Savings,449219.28,INR,2021-03-10,Frozen,Salt Lake
ACC000303,CUST0361,Fixed Deposit,66073.76,INR,2024-12-13,Inactive,Surat Main
ACC000304,CUST0310,Fixed Deposit,356154.47,INR,2024-05-20,Frozen,T Nagar
ACC000305,CUST0049,Current,451992.3,INR,2022-09-26,Inactive,Surat Main
ACC000306,CUST0265,Savings,180178.09,INR,2024-12-03,Active,Connaught Place
ACC000307,CUST0323,Fixed Deposit,109586.97,INR,2023-07-27,Active,Navrangpura
ACC000308,CUST0303,Fixed Deposit,251933.59,INR,2023-07-02,Frozen,Surat Main
ACC000309,CUST0057,Savings,20282.87,INR,2023-08-16,Inactive,Banjara Hills
ACC000310,CUST0170,Fixed Deposit,314909.88,INR,2022-11-28,Frozen,Surat Main
ACC000311,CUST0145,Current,109321.27,INR,2022-03-04,Frozen,Malviya Nagar
ACC000312,CUST0015,Savings,111881.96,INR,2021-12-21,Frozen,T Nagar
ACC000313,CUST0141,Recurring Deposit,187516.77,INR,2024-07-14,Frozen,Connaught Place
ACC000314,CUST0302,Savings,200369.62,INR,2023-11-15,Inactive,Banjara Hills
ACC000315,CUST0169,Savings,402183.05,INR,2023-12-25,Frozen,T Nagar
ACC000316,CUST0069,Savings,321066.37,INR,2024-03-24,Inactive,Navrangpura
ACC000317,CUST0098,Recurring Deposit,95772.88,INR,2024-06-14,Active,Salt Lake
ACC000318,CUST0040,Current,141649.37,INR,2022-02-02,Frozen,Malviya Nagar
ACC000319,CUST0361,Savings,219587.64,INR,2022-02-09,Frozen,Banjara Hills
ACC000320,CUST0152,Fixed Deposit,100986.18,INR,2024-12-07,Frozen,Andheri
ACC000321,CUST0214,Savings,31833.35,INR,2022-02-26,Active,Malviya Nagar
ACC000322,CUST0084,Fixed Deposit,279097.9,INR,2024-07-09,Frozen,Shivaji Nagar
ACC000323,CUST0379,Fixed Deposit,153220.9,INR,2021-04-01,Active,Shivaji Nagar
ACC000324,CUST0233,Recurring Deposit,449542.69,INR,2024-12-31,Active,Shivaji Nagar
ACC000325,CUST0399,Savings,429134.02,INR,2023-01-16,Inactive,Navrangpura
ACC000326,CUST0244,Savings,455905.3,INR,2022-10-15,Active,Connaught Place
ACC000327,CUST0182,Fixed Deposit,254214.31,INR,2022-03-05,Inactive,Andheri
ACC000328,CUST0224,Current,355252.34,INR,2023-11-29,Frozen,Salt Lake
ACC000329,CUST0069,Current,406028.64,INR,2023-06-14,Active,Andheri
ACC000330,CUST0273,Savings,107407.35,INR,2024-04-13,Inactive,Andheri
ACC000331,CUST0238,Savings,406694.66,INR,2021-06-26,Active,Banjara Hills
ACC000332,CUST0320,Savings,429329.66,INR,2022-11-25,Frozen,Navrangpura
ACC000333,CUST0004,Recurring Deposit,384581.7,INR,2022-02-26,Active,Banjara Hills
ACC000334,CUST0051,Fixed Deposit,191614.12,INR,2021-08-02,Frozen,Koramangala
ACC000335,CUST0300,Current,220298.41,INR,2024-03-17,Frozen,Navrangpura
ACC000336,CUST0241,Savings,285295.04,INR,2021-04-21,Active,Salt Lake
ACC000337,CUST0355,Current,358555.69,INR,2023-08-20,Inactive,Surat Main
ACC000338,CUST0307,Current,59636.45,INR,2023-10-17,Inactive,Connaught Place
ACC000339,CUST0003,Current,400089.42,INR,2022-04-14,Inactive,Surat Main
ACC000340,CUST0020,Current,317131.96,INR,2024-08-19,Active,Connaught Place
ACC000341,CUST0239,Current,401458.72,INR,2021-03-19,Active,Salt Lake
ACC000342,CUST0397,Current,470613.33,INR,2022-03-26,Frozen,Andheri
ACC000343,CUST0240,Recurring Deposit,131846.04,INR,2021-11-11,Active,Navrangpura
ACC000344,CUST0050,Savings,379876.38,INR,2024-12-25,Active,Koramangala
ACC000345,CUST0055,Current,308142.52,INR,2022-10-25,Frozen,Salt Lake
ACC000346,CUST0285,Savings,36532.94,INR,2021-03-02,Frozen,Connaught Place
ACC000347,CUST0280,Savings,353112.37,INR,2024-09-16,Frozen,T Nagar
ACC000348,CUST0287,Recurring Deposit,198780.94,INR,2021-01-16,Frozen,Banjara Hills
ACC000349,CUST0235,Savings,94090.52,INR,2023-11-05,Active,Connaught Place
ACC000350,CUST0314,Current,336028.81,INR,2021-08-15,Active,Malviya Nagar
ACC000351,CUST0374,Fixed Deposit,338986.91,INR,2021-06-29,Active,Connaught Place
ACC000352,CUST0159,Savings,184109.92,INR,2022-09-12,Inactive,Koramangala
ACC000353,CUST0394,Recurring Deposit,303410.4,INR,2022-11-17,Active,Andheri
ACC000354,CUST0350,Savings,37960.21,INR,2021-08-21,Frozen,Surat Main
ACC000355,CUST0209,Current,260302.44,INR,2023-07-23,Frozen,Surat Main
ACC000356,CUST0012,Current,458243.76,INR,2021-06-13,Active,Andheri
ACC000357,CUST0029,Current,425063.9,INR,2023-06-02,Active,Surat Main
ACC000358,CUST0069,Fixed Deposit,221148.59,INR,2024-12-17,Inactive,T Nagar
ACC000359,CUST0049,Fixed Deposit,14662.51,INR,2023-02-22,Active,Navrangpura
ACC000360,CUST0336,Current,490446.78,INR,2024-09-01,Inactive,Surat Main
ACC000361,CUST0007,Fixed Deposit,137460.96,INR,2022-05-27,Inactive,Malviya Nagar
ACC000362,CUST0183,Savings,170686.04,INR,2024-01-20,Inactive,Andheri
ACC000363,CUST0273,Current,444964.13,INR,2021-06-12,Active,Connaught Place
ACC000364,CUST0218,Savings,412808.02,INR,2022-10-05,Frozen,Shivaji Nagar
ACC000365,CUST0235,Fixed Deposit,32596.08,INR,2021-09-07,Active,Banjara Hills
ACC000366,CUST0126,Savings,325145.21,INR,2024-01-08,Inactive,Malviya Nagar
ACC000367,CUST0148,Savings,324073.07,INR,2022-03-23,Active,T Nagar
ACC000368,CUST0313,Recurring Deposit,358045.96,INR,2021-12-28,Inactive,Surat Main
ACC000369,CUST0386,Current,345473.56,INR,2022-08-06,Inactive,Banjara Hills
ACC000370,CUST0047,Fixed Deposit,128935.99,INR,2021-02-26,Frozen,Banjara Hills
ACC000371,CUST0330,Fixed Deposit,309332.01,INR,2024-09-05,Frozen,Surat Main
ACC000372,CUST0035,Current,328229.89,INR,2024-05-09,Frozen,Salt Lake
ACC000373,CUST0275,Fixed Deposit,39431.94,INR,2021-05-18,Active,Connaught Place
ACC000374,CUST0058,Fixed Deposit,37704.49,INR,2024-02-16,Frozen,Navrangpura
ACC000375,CUST0092,Fixed Deposit,460394.82,INR,2023-07-11,Active,T Nagar
ACC000376,CUST0354,Fixed Deposit,197693.38,INR,2024-11-27,Active,Navrangpura
ACC000377,CUST0176,Savings,430723.16,INR,2023-08-02,Inactive,Banjara Hills
ACC000378,CUST0055,Savings,194297.43,INR,2022-04-09,Active,Shivaji Nagar
ACC000379,CUST0098,Fixed Deposit,139185.72,INR,2021-01-21,Active,Connaught Place
ACC000380,CUST0301,Current,391328.81,INR,2024-09-17,Inactive,T Nagar
ACC000381,CUST0050,Current,23305.21,INR,2023-09-13,Active,Salt Lake
ACC000382,CUST0299,Fixed Deposit,326287.81,INR,2024-03-12,Active,Andheri
ACC000383,CUST0067,Savings,148294.54,INR,2022-07-04,Inactive,Shivaji Nagar
ACC000384,CUST0190,Current,69610.75,INR,2022-05-31,Inactive,Koramangala
ACC000385,CUST0147,Savings,436268.59,INR,2021-12-06,Inactive,Andheri
ACC000386,CUST0391,Current,324482.05,INR,2022-03-25,Inactive,Shivaji Nagar
ACC000387,CUST0135,Current,320891.92,INR,2023-08-25,Active,Andheri
ACC000388,CUST0121,Savings,331986.07,INR,2023-01-27,Inactive,Andheri
ACC000389,CUST0057,Recurring Deposit,219453.07,INR,2021-08-26,Inactive,Malviya Nagar
ACC000390,CUST0249,Recurring Deposit,47319.97,INR,2021-08-30,Inactive,Koramangala
ACC000391,CUST0061,Current,213201.3,INR,2021-05-05,Active,Connaught Place
ACC000392,CUST0123,Fixed Deposit,180890.13,INR,2023-08-19,Inactive,Malviya Nagar
ACC000393,CUST0248,Savings,36222.69,INR,2022-04-01,Frozen,Banjara Hills
ACC000394,CUST0269,Recurring Deposit,55468.73,INR,2023-06-04,Active,Banjara Hills
ACC000395,CUST0109,Current,255486.64,INR,2022-10-10,Active,Connaught Place
ACC000396,CUST0375,Recurring Deposit,133018.97,INR,2023-08-02,Active,Connaught Place
ACC000397,CUST0106,Recurring Deposit,315682.93,INR,2021-07-20,Inactive,Shivaji Nagar
ACC000398,CUST0247,Savings,60293.88,INR,2023-08-31,Inactive,Koramangala
ACC000399,CUST0013,Savings,313960.2,INR,2023-11-21,Frozen,Navrangpura
ACC000400,CUST0396,Savings,268795.09,INR,2022-04-25,Inactive,Surat Main
ACC000401,CUST0199,Current,325742.55,INR,2021-10-25,Inactive,Andheri
ACC000402,CUST0094,Fixed Deposit,328400.32,INR,2024-08-25,Frozen,Banjara Hills
ACC000403,CUST0231,Savings,299179.63,INR,2021-06-17,Active,Andheri
ACC000404,CUST0099,Fixed Deposit,219788.25,INR,2021-10-15,Inactive,Shivaji Nagar
ACC000405,CUST0013,Current,469751.11,INR,2023-04-04,Frozen,Koramangala
ACC000406,CUST0120,Savings,180280.07,INR,2023-09-19,Active,Navrangpura
ACC000407,CUST0345,Fixed Deposit,256070.62,INR,2023-10-05,Active,Surat Main
ACC000408,CUST0104,Current,96605.32,INR,2023-08-22,Inactive,Navrangpura
ACC000409,CUST0017,Fixed Deposit,113528.02,INR,2022-10-22,Inactive,Koramangala
ACC000410,CUST0012,Fixed Deposit,206821.5,INR,2024-12-22,Frozen,Shivaji Nagar
ACC000411,CUST0080,Current,119597.3,INR,2021-01-01,Frozen,T Nagar
ACC000412,CUST0365,Recurring Deposit,237795.03,INR,2024-01-28,Inactive,Koramangala
ACC000413,CUST0141,Fixed Deposit,120599.73,INR,2021-09-04,Inactive,Koramangala
ACC000414,CUST0298,Current,499239.19,INR,2021-10-05,Inactive,Andheri
ACC000415,CUST0042,Current,117537.94,INR,2021-12-10,Frozen,Navrangpura
ACC000416,CUST0339,Recurring Deposit,126962.17,INR,2024-03-13,Active,Koramangala
ACC000417,CUST0209,Fixed Deposit,483894.35,INR,2024-12-29,Active,Andheri
ACC000418,CUST0009,Recurring Deposit,457430.58,INR,2021-08-02,Inactive,Connaught Place
ACC000419,CUST0071,Fixed Deposit,376856.33,INR,2021-12-25,Inactive,Connaught Place
ACC000420,CUST0335,Recurring Deposit,424483.15,INR,2024-09-20,Frozen,Malviya Nagar
ACC000421,CUST0337,Savings,223414.44,INR,2023-10-21,Frozen,Surat Main
ACC000422,CUST0099,Fixed Deposit,449435.77,INR,2024-02-18,Inactive,Connaught Place
ACC000423,CUST0355,Fixed Deposit,285372.36,INR,2022-01-07,Inactive,Banjara Hills
ACC000424,CUST0132,Recurring Deposit,183450.94,INR,2023-12-09,Frozen,Connaught Place
ACC000425,CUST0109,Savings,312313.2,INR,2023-08-25,Frozen,Shivaji Nagar
ACC000426,CUST0348,Savings,222726.01,INR,2022-11-28,Frozen,Koramangala
ACC000427,CUST0221,Recurring Deposit,479265.04,INR,2022-04-22,Active,Banjara Hills
ACC000428,CUST0383,Recurring Deposit,200823.78,INR,2021-10-02,Active,Shivaji Nagar
ACC000429,CUST0393,Fixed Deposit,190354.03,INR,2023-10-10,Inactive,Koramangala
ACC000430,CUST0058,Current,320079.08,INR,2022-06-29,Active,Malviya Nagar
ACC000431,CUST0216,Current,442338.67,INR,2024-06-15,Frozen,Connaught Place
ACC000432,CUST0296,Recurring Deposit,291385.21,INR,2022-11-12,Frozen,Shivaji Nagar
ACC000433,CUST0162,Fixed Deposit,352365.56,INR,2023-06-15,Active,Navrangpura
ACC000434,CUST0202,Savings,338386.58,INR,2021-11-26,Inactive,Connaught Place
ACC000435,CUST0105,Fixed Deposit,417852.15,INR,2024-08-07,Frozen,Banjara Hills
ACC000436,CUST0333,Current,184922.6,INR,2022-09-09,Inactive,Koramangala
ACC000437,CUST0393,Savings,300762.51,INR,2024-09-25,Frozen,Andheri
ACC000438,CUST0274,Current,448593.65,INR,2024-05-04,Inactive,Malviya Nagar
ACC000439,CUST0089,Fixed Deposit,15014.76,INR,2021-01-10,Active,Banjara Hills
ACC000440,CUST0136,Savings,87206.44,INR,2021-12-24,Frozen,Banjara Hills
ACC000441,CUST0046,Savings,12458.98,INR,2021-06-18,Active,Koramangala
ACC000442,CUST0179,Recurring Deposit,168010.79,INR,2023-12-06,Inactive,T Nagar
ACC000443,CUST0171,Recurring Deposit,373887.21,INR,2022-06-14,Active,Connaught Place
ACC000444,CUST0033,Fixed Deposit,81648.59,INR,2021-07-07,Frozen,Andheri
ACC000445,CUST0175,Fixed Deposit,66316.63,INR,2022-11-05,Frozen,Navrangpura
ACC000446,CUST0027,Current,94602.53,INR,2024-02-22,Active,Salt Lake
ACC000447,CUST0118,Recurring Deposit,147924.39,INR,2021-02-04,Inactive,Connaught Place
ACC000448,CUST0078,Recurring Deposit,47557.61,INR,2024-04-15,Active,Navrangpura
ACC000449,CUST0319,Recurring Deposit,395739.27,INR,2022-04-19,Active,Navrangpura
ACC000450,CUST0299,Recurring Deposit,69535.03,INR,2022-01-30,Active,Connaught Place
ACC000451,CUST0257,Recurring Deposit,120840.95,INR,2022-06-14,Inactive,Malviya Nagar
ACC000452,CUST0118,Fixed Deposit,362352.02,INR,2021-03-05,Frozen,Andheri
ACC000453,CUST0328,Current,256640.1,INR,2022-03-10,Frozen,Navrangpura
ACC000454,CUST0160,Current,450961.12,INR,2022-02-24,Frozen,T Nagar
ACC000455,CUST0238,Current,79094.3,INR,2022-04-09,Inactive,T Nagar
ACC000456,CUST0029,Recurring Deposit,158069.81,INR,2022-09-20,Frozen,Shivaji Nagar
ACC000457,CUST0264,Savings,147084.18,INR,2022-10-28,Active,Koramangala
ACC000458,CUST0237,Current,465867.09,INR,2022-05-18,Active,Banjara Hills
ACC000459,CUST0368,Fixed Deposit,60232.65,INR,2023-11-04,Frozen,Shivaji Nagar
ACC000460,CUST0055,Recurring Deposit,264866.2,INR,2021-06-03,Frozen,Connaught Place
ACC000461,CUST0130,Recurring Deposit,218932.07,INR,2021-05-17,Frozen,Malviya Nagar
ACC000462,CUST0365,Current,225088.43,INR,2023-09-04,Inactive,Shivaji Nagar
ACC000463,CUST0317,Recurring Deposit,389987.71,INR,2022-10-07,Active,Connaught Place
ACC000464,CUST0069,Recurring Deposit,44386.36,INR,2022-07-25,Active,Malviya Nagar
ACC000465,CUST0318,Current,32066.83,INR,2024-11-01,Active,T Nagar
ACC000466,CUST0395,Savings,426284.84,INR,2024-09-14,Inactive,Salt Lake
ACC000467,CUST0049,Savings,72841.89,INR,2024-11-29,Frozen,Andheri
ACC000468,CUST0070,Savings,144370.99,INR,2024-10-04,Frozen,Connaught Place
ACC000469,CUST0310,Savings,158345.61,INR,2023-12-26,Inactive,Koramangala
ACC000470,CUST0363,Current,87254.75,INR,2023-05-23,Inactive,Shivaji Nagar
ACC000471,CUST0283,Savings,445611.74,INR,2023-07-28,Active,Connaught Place
ACC000472,CUST0243,Fixed Deposit,471505.99,INR,2023-03-03,Active,Koramangala
ACC000473,CUST0367,Fixed Deposit,379501.5,INR,2023-03-17,Active,Koramangala
ACC000474,CUST0055,Current,457798.93,INR,2023-10-03,Frozen,Shivaji Nagar
ACC000475,CUST0241,Current,14315.22,INR,2023-11-17,Frozen,Koramangala
ACC000476,CUST0350,Fixed Deposit,157064.65,INR,2022-12-01,Active,Salt Lake
ACC000477,CUST0295,Savings,410925.6,INR,2022-04-20,Inactive,Andheri
ACC000478,CUST0168,Fixed Deposit,303460.05,INR,2021-03-18,Active,Shivaji Nagar
ACC000479,CUST0192,Fixed Deposit,474829.53,INR,2022-09-10,Frozen,Shivaji Nagar
ACC000480,CUST0117,Recurring Deposit,189432.39,INR,2021-08-14,Active,Salt Lake
ACC000481,CUST0027,Current,408571.82,INR,2024-08-12,Frozen,Koramangala
ACC000482,CUST0259,Current,406600.97,INR,2022-06-03,Frozen,Shivaji Nagar
ACC000483,CUST0069,Recurring Deposit,218778.12,INR,2022-09-21,Active,Malviya Nagar
ACC000484,CUST0177,Fixed Deposit,335601.16,INR,2021-04-23,Active,Shivaji Nagar
ACC000485,CUST0278,Current,428659.25,INR,2024-10-18,Frozen,Andheri
ACC000486,CUST0237,Recurring Deposit,473109.8,INR,2023-08-22,Frozen,Banjara Hills
ACC000487,CUST0052,Fixed Deposit,180770.6,INR,2021-05-12,Active,Shivaji Nagar
ACC000488,CUST0117,Savings,451568.86,INR,2021-02-22,Inactive,Connaught Place
ACC000489,CUST0102,Savings,249185.98,INR,2021-04-18,Inactive,Salt Lake
ACC000490,CUST0159,Fixed Deposit,401298.43,INR,2023-02-14,Frozen,Surat Main
ACC000491,CUST0376,Recurring Deposit,159603.3,INR,2022-12-08,Inactive,Shivaji Nagar
ACC000492,CUST0036,Savings,300142.05,INR,2023-11-28,Inactive,Navrangpura
ACC000493,CUST0117,Recurring Deposit,6396.25,INR,2024-09-25,Active,Banjara Hills
ACC000494,CUST0357,Fixed Deposit,271612.51,INR,2024-09-11,Active,Surat Main
ACC000495,CUST0222,Savings,231035.04,INR,2024-03-11,Active,Koramangala
ACC000496,CUST0269,Recurring Deposit,499363.8,INR,2022-01-12,Inactive,Malviya Nagar
ACC000497,CUST0030,Fixed Deposit,51225.51,INR,2024-05-21,Active,Shivaji Nagar
ACC000498,CUST0364,Recurring Deposit,79291.62,INR,2024-07-28,Active,Salt Lake
ACC000499,CUST0264,Current,163966.75,INR,2022-11-05,Frozen,Koramangala
ACC000500,CUST0006,Recurring Deposit,273660.62,INR,2023-10-22,Frozen,Koramangala
ACC000501,CUST0085,Recurring Deposit,499980.09,INR,2024-02-24,Active,Andheri
ACC000502,CUST0028,Savings,434300.9,INR,2023-01-11,Active,Banjara Hills
ACC000503,CUST0111,Savings,450729.37,INR,2024-12-30,Frozen,Navrangpura
ACC000504,CUST0079,Current,280202.41,INR,2021-10-22,Frozen,Navrangpura
ACC000505,CUST0353,Savings,212213.34,INR,2024-05-18,Inactive,Surat Main
ACC000506,CUST0263,Fixed Deposit,117273.42,INR,2022-03-20,Frozen,Navrangpura
ACC000507,CUST0175,Savings,46632.47,INR,2021-01-12,Frozen,Koramangala
ACC000508,CUST0265,Current,269513.8,INR,2022-04-21,Active,Banjara Hills
ACC000509,CUST0300,Current,452117.87,INR,2022-02-18,Frozen,Connaught Place
ACC000510,CUST0111,Recurring Deposit,356187.04,INR,2024-12-26,Inactive,Salt Lake
ACC000511,CUST0227,Savings,244456.05,INR,2021-01-04,Active,Connaught Place
ACC000512,CUST0088,Recurring Deposit,71482.66,INR,2023-08-01,Frozen,Banjara Hills
ACC000513,CUST0102,Fixed Deposit,204423.55,INR,2022-05-18,Active,Koramangala
ACC000514,CUST0156,Recurring Deposit,178595.21,INR,2023-06-12,Inactive,Koramangala
ACC000515,CUST0099,Current,223046.42,INR,2021-10-19,Frozen,Shivaji Nagar
ACC000516,CUST0214,Savings,252528.21,INR,2022-01-12,Inactive,Navrangpura
ACC000517,CUST0242,Recurring Deposit,236797.47,INR,2022-07-22,Frozen,Banjara Hills
ACC000518,CUST0257,Recurring Deposit,296187.78,INR,2021-10-24,Active,Banjara Hills
ACC000519,CUST0036,Savings,176213.77,INR,2023-02-25,Inactive,Connaught Place
ACC000520,CUST0181,Fixed Deposit,367158.56,INR,2022-11-19,Frozen,Salt Lake
ACC000521,CUST0281,Current,232912.93,INR,2024-03-18,Active,Andheri
ACC000522,CUST0365,Recurring Deposit,177558.92,INR,2024-07-14,Frozen,Salt Lake
ACC000523,CUST0284,Recurring Deposit,310066.84,INR,2021-11-17,Frozen,Andheri
ACC000524,CUST0205,Current,313455.06,INR,2024-10-20,Inactive,Surat Main
ACC000525,CUST0282,Current,170359.47,INR,2021-11-17,Frozen,Salt Lake
ACC000526,CUST0014,Current,143185.19,INR,2021-10-06,Frozen,Shivaji Nagar
ACC000527,CUST0187,Recurring Deposit,220686.14,INR,2022-07-17,Frozen,Andheri
ACC000528,CUST0328,Fixed Deposit,274720.83,INR,2022-10-28,Inactive,Connaught Place
ACC000529,CUST0312,Fixed Deposit,127647.16,INR,2024-06-02,Frozen,T Nagar
ACC000530,CUST0035,Savings,185557.19,INR,2023-03-06,Inactive,Malviya Nagar
ACC000531,CUST0148,Savings,138271.79,INR,2022-11-12,Inactive,Koramangala
ACC000532,CUST0108,Recurring Deposit,11368.57,INR,2022-01-31,Active,Koramangala
ACC000533,CUST0030,Current,155906.62,INR,2022-03-26,Inactive,T Nagar
ACC000534,CUST0074,Savings,366842.94,INR,2021-08-08,Frozen,Malviya Nagar
ACC000535,CUST0223,Savings,386561.8,INR,2021-11-01,Active,Andheri
ACC000536,CUST0217,Recurring Deposit,429374.41,INR,2023-03-02,Active,Koramangala
ACC000537,CUST0044,Current,488407.2,INR,2021-03-20,Active,Koramangala
ACC000538,CUST0363,Savings,19986.61,INR,2022-11-03,Frozen,Koramangala
ACC000539,CUST0093,Savings,231950.69,INR,2021-08-08,Active,Surat Main
ACC000540,CUST0185,Fixed Deposit,336406.9,INR,2022-02-10,Active,Salt Lake
ACC000541,CUST0229,Fixed Deposit,195754.35,INR,2022-06-03,Active,Navrangpura
ACC000542,CUST0090,Savings,497449.21,INR,2024-12-16,Active,Koramangala
ACC000543,CUST0378,Current,396951.57,INR,2024-07-06,Frozen,Andheri
ACC000544,CUST0018,Recurring Deposit,265341.11,INR,2024-10-26,Inactive,Malviya Nagar
ACC000545,CUST0308,Savings,226067.38,INR,2021-02-17,Frozen,Shivaji Nagar
ACC000546,CUST0025,Recurring Deposit,255921.79,INR,2021-10-30,Frozen,Malviya Nagar
ACC000547,CUST0197,Current,248630.96,INR,2024-11-10,Active,Andheri
ACC000548,CUST0213,Savings,422311.3,INR,2023-01-12,Frozen,Banjara Hills
ACC000549,CUST0171,Recurring Deposit,364327.14,INR,2023-04-18,Inactive,Surat Main
ACC000550,CUST0098,Current,158514.48,INR,2023-02-11,Inactive,Banjara Hills
ACC000551,CUST0168,Savings,495395.89,INR,2024-11-10,Inactive,Malviya Nagar
ACC000552,CUST0082,Fixed Deposit,400630.48,INR,2022-11-21,Frozen,Malviya Nagar
ACC000553,CUST0252,Recurring Deposit,476051.69,INR,2021-06-19,Active,Koramangala
ACC000554,CUST0213,Recurring Deposit,380645.15,INR,2024-03-20,Inactive,Surat Main
ACC000555,CUST0045,Recurring Deposit,352655.01,INR,2021-01-09,Frozen,Koramangala
ACC000556,CUST0311,Savings,188535.6,INR,2021-08-21,Inactive,Navrangpura
ACC000557,CUST0333,Fixed Deposit,41138.21,INR,2023-07-09,Inactive,Connaught Place
ACC000558,CUST0110,Savings,247181.22,INR,2022-09-05,Active,T Nagar
ACC000559,CUST0261,Fixed Deposit,391141.46,INR,2022-02-26,Frozen,Malviya Nagar
ACC000560,CUST0332,Recurring Deposit,384554.41,INR,2024-11-19,Inactive,Navrangpura
ACC000561,CUST0243,Fixed Deposit,200927.58,INR,2024-11-29,Active,Andheri
ACC000562,CUST0028,Current,405748.3,INR,2022-08-28,Frozen,Malviya Nagar
ACC000563,CUST0128,Current,176135.89,INR,2023-02-11,Inactive,Malviya Nagar
ACC000564,CUST0045,Savings,222688.96,INR,2021-02-22,Active,Andheri
ACC000565,CUST0368,Current,232546.33,INR,2023-08-19,Active,T Nagar
ACC000566,CUST0095,Fixed Deposit,420023.66,INR,2024-05-31,Active,Connaught Place
ACC000567,CUST0173,Current,419250.35,INR,2022-06-18,Active,Koramangala
ACC000568,CUST0129,Current,237209.22,INR,2022-04-04,Inactive,Andheri
ACC000569,CUST0155,Current,80956.28,INR,2024-06-09,Active,Salt Lake
ACC000570,CUST0241,Recurring Deposit,106514.91,INR,2023-05-03,Inactive,Andheri
ACC000571,CUST0247,Recurring Deposit,116400.54,INR,2023-08-07,Frozen,Banjara Hills
ACC000572,CUST0062,Fixed Deposit,80668.6,INR,2024-11-01,Frozen,Shivaji Nagar
ACC000573,CUST0241,Recurring Deposit,444774.62,INR,2021-10-08,Inactive,Navrangpura
ACC000574,CUST0284,Fixed Deposit,281828.14,INR,2021-07-22,Inactive,Surat Main
ACC000575,CUST0189,Fixed Deposit,81482.99,INR,2021-07-15,Inactive,Connaught Place
ACC000576,CUST0170,Current,249586.13,INR,2022-08-02,Inactive,Surat Main
ACC000577,CUST0163,Current,157270.65,INR,2021-02-28,Active,Navrangpura
ACC000578,CUST0323,Savings,478405.94,INR,2023-07-22,Inactive,Surat Main
ACC000579,CUST0102,Fixed Deposit,240616.05,INR,2024-07-22,Frozen,Koramangala
ACC000580,CUST0154,Fixed Deposit,94574.55,INR,2022-01-25,Inactive,Banjara Hills
ACC000581,CUST0284,Savings,210536.42,INR,2022-03-06,Active,Banjara Hills
ACC000582,CUST0343,Savings,376726.59,INR,2022-05-01,Active,T Nagar
ACC000583,CUST0298,Savings,496062.89,INR,2024-10-20,Frozen,Andheri
ACC000584,CUST0045,Fixed Deposit,25095.75,INR,2023-05-24,Inactive,Shivaji Nagar
ACC000585,CUST0364,Savings,257829.62,INR,2022-12-18,Frozen,Malviya Nagar
ACC000586,CUST0092,Current,7027.79,INR,2022-02-20,Active,Connaught Place
ACC000587,CUST0300,Current,466070.01,INR,2022-07-02,Frozen,Malviya Nagar
ACC000588,CUST0208,Fixed Deposit,337573.6,INR,2023-02-26,Frozen,Andheri
ACC000589,CUST0218,Savings,298482.38,INR,2024-11-29,Active,T Nagar
ACC000590,CUST0012,Current,214193.38,INR,2024-09-17,Active,Andheri
ACC000591,CUST0198,Recurring Deposit,311833.04,INR,2024-08-31,Active,Shivaji Nagar
ACC000592,CUST0190,Fixed Deposit,275856.55,INR,2023-01-06,Inactive,Malviya Nagar
ACC000593,CUST0077,Current,81704.79,INR,2021-11-07,Active,Surat Main
ACC000594,CUST0291,Savings,80437.73,INR,2023-10-27,Frozen,Connaught Place
ACC000595,CUST0385,Recurring Deposit,206642.76,INR,2024-01-19,Active,Andheri
ACC000596,CUST0388,Current,211620.08,INR,2022-04-30,Active,Banjara Hills
ACC000597,CUST0245,Fixed Deposit,121117.05,INR,2021-07-09,Frozen,Salt Lake
ACC000598,CUST0114,Recurring Deposit,168092.14,INR,2021-03-27,Frozen,Andheri
ACC000599,CUST0020,Recurring Deposit,493902.56,INR,2022-05-05,Frozen,Koramangala
ACC000600,CUST0397,Current,35216.42,INR,2021-06-18,Inactive,Connaught Place
