customer_id,full_name,email,phone,city,dob,gender,joined_date
CUST0001,Rahul Kumar,rahul.kumar84@email.com,6207388624,Delhi,1977-09-16,Male,2023-01-19
CUST0002,James Patel,james.patel65@email.com,6922121676,Mumbai,2000-10-21,Male,2023-06-08
CUST0003,Kavya Singh,kavya.singh12@email.com,8366729934,Kolkata,1970-10-18,Male,2024-03-04
CUST0004,Sneha Reddy,sneha.reddy81@email.com,8503952625,Mumbai,1988-04-15,Female,2021-04-12
CUST0005,Pooja Patel,pooja.patel18@email.com,7243862422,Kolkata,1984-12-20,Male,2024-01-13
CUST0006,Sneha Wilson,sneha.wilson72@email.com,9505236015,Bangalore,1973-11-02,Male,2024-04-06
CUST0007,James Gupta,james.gupta13@email.com,8352544553,Delhi,1976-09-14,Male,2024-06-21
CUST0008,Karan Garcia,karan.garcia69@email.com,7836494974,Pune,1990-07-09,Female,2024-04-14
CUST0009,Omar Jones,omar.jones39@email.com,7066984055,Bangalore,1976-03-21,Male,2021-06-17
CUST0010,James Iyer,james.iyer64@email.com,9758686919,Pune,1983-07-23,Female,2022-08-13
CUST0011,Emma Singh,emma.singh66@email.com,7795823848,Bangalore,1965-04-18,Female,2021-11-08
CUST0012,Omar Garcia,omar.garcia6@email.com,8869965264,Delhi,1978-12-01,Female,2022-11-28
CUST0013,Noah Johnson,noah.johnson64@email.com,8490630939,Ahmedabad,1986-08-30,Male,2021-07-11
CUST0014,Arjun Garcia,arjun.garcia86@email.com,6279172786,Mumbai,1991-04-08,Female,2024-08-18
CUST0015,James Jones,james.jones92@email.com,7656961615,Pune,1972-10-06,Male,2023-08-04
CUST0016,Divya Joshi,divya.joshi15@email.com,8120395274,Mumbai,1987-05-28,Male,2022-08-12
CUST0017,Vikram Reddy,vikram.reddy51@email.com,9937695698,Ahmedabad,1977-11-06,Male,2021-12-07
CUST0018,Nikhil Williams,nikhil.williams36@email.com,9794104665,Bangalore,1984-08-24,Female,2024-02-01
CUST0019,Arjun Brown,arjun.brown88@email.com,9797579269,Kolkata,1976-02-04,Male,2021-11-06
CUST0020,Rohan Joshi,rohan.joshi30@email.com,8828307593,Hyderabad,1966-10-14,Male,2023-09-21
CUST0021,Logan Wilson,logan.wilson34@email.com,7210883260,Mumbai,1968-03-06,Male,2023-05-09
CUST0022,Riya Johnson,riya.johnson73@email.com,7368426741,Bangalore,1987-05-10,Male,2023-07-25
CUST0023,Aisha Davis,aisha.davis51@email.com,7713601028,Kolkata,1977-08-07,Male,2023-09-14
CUST0024,Liam Williams,liam.williams25@email.com,6289255805,Hyderabad,1962-10-16,Female,2021-11-29
CUST0025,Sneha Smith,sneha.smith7@email.com,6439717024,Mumbai,1986-12-12,Male,2024-01-04
CUST0026,Sneha Johnson,sneha.johnson4@email.com,6302003101,Hyderabad,1987-07-13,Female,2021-11-01
CUST0027,Liam Nair,liam.nair78@email.com,7564070056,Ahmedabad,1975-08-01,Male,2021-08-25
CUST0028,Isabella Garcia,isabella.garcia62@email.com,8078054027,Chennai,1980-11-25,Male,2021-10-23
CUST0029,Sneha Smith,sneha.smith34@email.com,8055665570,Bangalore,1993-03-17,Male,2022-02-25
CUST0030,Amit Johnson,amit.johnson89@email.com,8332907787,Mumbai,1966-07-29,Female,2024-08-09
CUST0031,Isabella Singh,isabella.singh34@email.com,8226497560,Pune,1991-03-25,Male,2022-12-30
CUST0032,William Reddy,william.reddy70@email.com,9346015264,Jaipur,1983-11-21,Female,2024-07-27
CUST0033,Pooja Moore,pooja.moore98@email.com,9662012810,Hyderabad,1996-05-26,Male,2023-04-01
CUST0034,Ava Reddy,ava.reddy67@email.com,8116481898,Pune,1968-12-19,Male,2021-02-27
CUST0035,Sophia Nair,sophia.nair34@email.com,6831698692,Surat,1981-03-08,Female,2023-07-05
CUST0036,Sophia Johnson,sophia.johnson11@email.com,6946878464,Delhi,1976-05-10,Male,2023-08-21
CUST0037,Karan Smith,karan.smith62@email.com,8680344737,Surat,1969-03-02,Male,2023-09-09
CUST0038,Omar Johnson,omar.johnson83@email.com,6364120811,Delhi,1995-11-14,Female,2024-12-28
CUST0039,William Gupta,william.gupta23@email.com,7863693997,Pune,1981-06-11,Male,2023-03-22
CUST0040,Nikhil Williams,nikhil.williams11@email.com,9112986562,Bangalore,1993-05-06,Male,2021-09-18
CUST0041,Aarav Kumar,aarav.kumar60@email.com,9463899636,Bangalore,1986-07-02,Female,2024-09-08
CUST0042,Omar Johnson,omar.johnson71@email.com,8354868575,Bangalore,1966-12-29,Male,2021-01-30
CUST0043,Sophia Mehta,sophia.mehta96@email.com,6598077320,Kolkata,1983-08-15,Male,2022-03-09
CUST0044,Aarav Nair,aarav.nair38@email.com,8152474070,Hyderabad,1969-07-18,Female,2022-06-16
CUST0045,Riya Brown,riya.brown17@email.com,6261582916,Pune,1997-06-02,Female,2024-09-18
CUST0046,James Martinez,james.martinez65@email.com,6561623933,Jaipur,1978-11-13,Male,2023-12-09
CUST0047,Amit Sharma,amit.sharma57@email.com,9335068562,Bangalore,1999-02-25,Male,2021-11-03
CUST0048,Anjali Kumar,anjali.kumar80@email.com,9114681390,Delhi,1981-03-28,Male,2022-10-30
CUST0049,Olivia Martinez,olivia.martinez72@email.com,8072265937,Delhi,1983-10-22,Male,2022-05-24
CUST0050,Karan Nair,karan.nair99@email.com,6419812753,Jaipur,1961-11-22,Female,2024-02-25
CUST0051,Aarav Singh,aarav.singh42@email.com,8630787224,Jaipur,1979-11-19,Male,2024-11-19
CUST0052,Arjun Jones,arjun.jones69@email.com,9467594005,Ahmedabad,1982-10-17,Male,2024-12-02
CUST0053,Amit Nair,amit.nair26@email.com,9607771601,Ahmedabad,1985-02-05,Male,2023-05-04
CUST0054,Sneha Williams,sneha.williams41@email.com,6311583109,Hyderabad,1979-10-31,Female,2021-05-30
CUST0055,Karan Iyer,karan.iyer16@email.com,9852699198,Bangalore,1995-03-02,Female,2021-10-20
CUST0056,Arjun Kumar,arjun.kumar29@email.com,9206975136,Delhi,1980-12-24,Female,2023-09-25
CUST0057,Anjali Reddy,anjali.reddy91@email.com,7853372068,Jaipur,1967-03-30,Female,2022-11-26
CUST0058,Kavya Gupta,kavya.gupta41@email.com,6395970334,Pune,1975-12-30,Male,2022-11-24
CUST0059,Riya Jones,riya.jones91@email.com,6077661511,Kolkata,1979-10-04,Female,2023-11-26
CUST0060,Emma Iyer,emma.iyer9@email.com,6484686860,Hyderabad,1982-12-23,Male,2021-06-22
CUST0061,Arjun Nair,arjun.nair24@email.com,7161557137,Bangalore,1961-10-10,Female,2024-10-16
CUST0062,Logan Nair,logan.nair20@email.com,8304674667,Jaipur,1978-03-18,Female,2024-12-05
CUST0063,Rahul Singh,rahul.singh8@email.com,9434202397,Bangalore,1972-07-08,Female,2021-05-29
CUST0064,Arjun Sharma,arjun.sharma12@email.com,9442968590,Chennai,1988-06-16,Male,2024-05-30
CUST0065,Isabella Reddy,isabella.reddy34@email.com,9705590276,Delhi,1962-12-27,Female,2021-01-24
CUST0066,Rahul Davis,rahul.davis35@email.com,8670196012,Bangalore,1978-09-27,Male,2023-12-16
CUST0067,Noah Reddy,noah.reddy21@email.com,7124831725,Mumbai,1964-11-28,Male,2022-02-18
CUST0068,Omar Iyer,omar.iyer40@email.com,8280996317,Hyderabad,1988-03-14,Female,2023-07-02
CUST0069,Amit Joshi,amit.joshi45@email.com,9451774791,Mumbai,1972-02-19,Female,2021-03-17
CUST0070,Aarav Sharma,aarav.sharma65@email.com,8366737975,Hyderabad,1992-11-18,Female,2022-05-19
CUST0071,Omar Jones,omar.jones85@email.com,9517235230,Kolkata,1964-10-07,Female,2024-01-24
CUST0072,Logan Williams,logan.williams40@email.com,8953828283,Hyderabad,1982-09-23,Male,2022-12-03
CUST0073,Karan Kumar,karan.kumar45@email.com,6233596963,Bangalore,1978-02-25,Male,2021-05-25
CUST0074,Liam Nair,liam.nair21@email.com,6237945866,Delhi,1979-04-28,Female,2023-11-03
CUST0075,Olivia Iyer,olivia.iyer32@email.com,8975061660,Chennai,1986-11-10,Male,2023-07-30
CUST0076,Anjali Joshi,anjali.joshi58@email.com,6015559426,Chennai,1972-01-25,Female,2022-11-05
CUST0077,Riya Smith,riya.smith5@email.com,9789830071,Chennai,1970-12-19,Male,2023-01-01
CUST0078,Anjali Sharma,anjali.sharma49@email.com,6360307210,Ahmedabad,1975-01-16,Female,2023-10-27
CUST0079,Liam Gupta,liam.gupta65@email.com,9333917167,Mumbai,1971-02-18,Male,2022-06-26
CUST0080,Logan Singh,logan.singh52@email.com,8520289959,Mumbai,1966-06-15,Female,2021-02-16
CUST0081,Meera Iyer,meera.iyer30@email.com,6362850478,Surat,1988-03-30,Male,2024-09-08
CUST0082,Aisha Moore,aisha.moore98@email.com,7400738088,Ahmedabad,1977-06-21,Male,2022-08-05
CUST0083,Ava Moore,ava.moore19@email.com,6188068318,Jaipur,1988-11-07,Female,2024-12-06
CUST0084,Sophia Martinez,sophia.martinez68@email.com,9233539821,Jaipur,1966-04-01,Male,2024-11-06
CUST0085,James Reddy,james.reddy4@email.com,6179796360,Bangalore,1963-10-26,Female,2021-08-03
CUST0086,Aditya Jones,aditya.jones7@email.com,8696239204,Mumbai,1985-01-19,Male,2023-09-30
CUST0087,Arjun Sharma,arjun.sharma9@email.com,9213775274,Jaipur,1980-06-30,Male,2024-09-12
CUST0088,Amit Singh,amit.singh95@email.com,8035206438,Chennai,1993-06-14,Male,2022-06-28
CUST0089,Pooja Gupta,pooja.gupta95@email.com,8791437868,Ahmedabad,1970-05-08,Female,2023-02-23
CUST0090,Rohan Garcia,rohan.garcia88@email.com,7234026408,Mumbai,2000-11-03,Male,2021-06-08
CUST0091,Emma Kumar,emma.kumar33@email.com,8798318755,Chennai,1974-11-18,Male,2021-01-26
CUST0092,Shruti Patel,shruti.patel35@email.com,8886224805,Delhi,1981-10-16,Male,2024-10-15
CUST0093,Shruti Iyer,shruti.iyer67@email.com,7226400161,Ahmedabad,1991-10-19,Female,2023-08-14
CUST0094,William Mehta,william.mehta71@email.com,6855772365,Chennai,2000-02-01,Male,2023-08-27
CUST0095,Aarav Iyer,aarav.iyer10@email.com,9521433763,Jaipur,1980-08-02,Female,2022-07-05
CUST0096,Aditya Gupta,aditya.gupta10@email.com,8497404815,Delhi,1969-06-14,Male,2023-12-10
CUST0097,Arjun Johnson,arjun.johnson78@email.com,9522805246,Jaipur,1965-12-12,Female,2021-08-19
CUST0098,Noah Johnson,noah.johnson64@email.com,9855616589,Ahmedabad,1970-05-18,Female,2021-02-20
CUST0099,Anjali Sharma,anjali.sharma88@email.com,7936000748,Kolkata,1982-01-20,Female,2021-10-16
CUST0100,Kavya Johnson,kavya.johnson41@email.com,6519301700,Pune,1976-11-14,Male,2022-10-27
CUST0101,William Smith,william.smith51@email.com,6515573652,Hyderabad,1997-08-21,Male,2022-08-17
CUST0102,Arjun Johnson,arjun.johnson51@email.com,7675729001,Surat,1962-11-30,Male,2023-01-09
CUST0103,Omar Brown,omar.brown36@email.com,9668998441,Mumbai,1993-11-23,Female,2021-07-28
CUST0104,Priya Iyer,priya.iyer20@email.com,7070841496,Chennai,1988-06-25,Female,2023-11-13
CUST0105,Rahul Gupta,rahul.gupta48@email.com,9372162104,Kolkata,1994-09-06,Male,2024-07-16
CUST0106,Aditya Davis,aditya.davis27@email.com,9090540709,Delhi,1984-08-20,Male,2023-04-22
CUST0107,Nikhil Moore,nikhil.moore18@email.com,8768066501,Chennai,1993-10-05,Female,2021-04-11
CUST0108,Omar Davis,omar.davis22@email.com,8028015216,Kolkata,1965-09-16,Female,2022-08-01
CUST0109,Meera Nair,meera.nair95@email.com,8803831218,Chennai,1993-02-24,Female,2024-09-05
CUST0110,Pooja Iyer,pooja.iyer72@email.com,8872800510,Kolkata,1981-09-03,Male,2021-12-09
CUST0111,Liam Joshi,liam.joshi27@email.com,8150081186,Ahmedabad,1963-05-16,Male,2023-07-17
CUST0112,Omar Smith,omar.smith58@email.com,7835767930,Bangalore,1994-01-21,Male,2022-05-15
CUST0113,Rohan Joshi,rohan.joshi72@email.com,6391247225,Pune,1975-05-04,Male,2023-01-25
CUST0114,Arjun Wilson,arjun.wilson3@email.com,9219754892,Kolkata,1969-01-24,Female,2023-04-28
CUST0115,Ava Martinez,ava.martinez49@email.com,7160671309,Pune,1969-06-02,Male,2023-10-18
CUST0116,Arjun Wilson,arjun.wilson17@email.com,8949582455,Jaipur,1976-02-26,Male,2021-07-09
CUST0117,Arjun Reddy,arjun.reddy52@email.com,8773654277,Ahmedabad,1977-04-01,Female,2022-10-02
CUST0118,Isabella Sharma,isabella.sharma5@email.com,7826219562,Ahmedabad,1965-09-15,Female,2021-01-01
CUST0119,Rohan Williams,rohan.williams68@email.com,9674184203,Ahmedabad,1997-01-12,Female,2022-05-24
CUST0120,Sophia Mehta,sophia.mehta20@email.com,6653128125,Jaipur,1970-01-14,Male,2024-12-06
CUST0121,Liam Jones,liam.jones71@email.com,9336595258,Mumbai,1963-10-24,Male,2021-09-15
CUST0122,Pooja Wilson,pooja.wilson83@email.com,9070994520,Chennai,1961-09-07,Male,2024-07-07
CUST0123,Arjun Martinez,arjun.martinez56@email.com,9000386466,Delhi,1988-07-16,Male,2021-05-25
CUST0124,Meera Martinez,meera.martinez25@email.com,7666799294,Chennai,1986-02-23,Male,2024-05-15
CUST0125,Aarav Sharma,aarav.sharma39@email.com,7978651187,Chennai,1984-02-10,Female,2024-08-13
CUST0126,Logan Reddy,logan.reddy68@email.com,7008321301,Jaipur,1981-04-27,Male,2021-03-01
CUST0127,Kavya Iyer,kavya.iyer3@email.com,6833718554,Ahmedabad,1962-06-25,Female,2021-06-16
CUST0128,Arjun Reddy,arjun.reddy55@email.com,9973535499,Pune,1989-12-07,Male,2023-10-07
CUST0129,Priya Smith,priya.smith54@email.com,7556152070,Kolkata,1992-03-22,Male,2021-01-14
CUST0130,Sophia Iyer,sophia.iyer65@email.com,6289620223,Hyderabad,1993-02-25,Female,2022-02-15
CUST0131,Meera Gupta,meera.gupta60@email.com,6951089633,Chennai,1970-05-09,Female,2021-08-12
CUST0132,Emma Garcia,emma.garcia24@email.com,9850335889,Hyderabad,1987-05-14,Female,2023-05-05
CUST0133,Omar Patel,omar.patel19@email.com,9959631467,Kolkata,1986-09-06,Male,2022-03-13
CUST0134,Aarav Moore,aarav.moore54@email.com,6222653408,Mumbai,1966-05-14,Male,2023-03-17
CUST0135,Nikhil Smith,nikhil.smith15@email.com,6340853703,Bangalore,1992-11-12,Female,2022-01-26
CUST0136,Anjali Martinez,anjali.martinez60@email.com,6136982349,Chennai,1993-06-23,Female,2023-02-05
CUST0137,Rahul Jones,rahul.jones14@email.com,6012329675,Delhi,1967-08-05,Female,2021-06-15
CUST0138,Divya Brown,divya.brown16@email.com,8410030327,Hyderabad,1999-09-15,Female,2023-01-01
CUST0139,William Iyer,william.iyer56@email.com,6376927471,Mumbai,1996-11-14,Female,2022-02-05
CUST0140,Divya Davis,divya.davis25@email.com,7388602395,Pune,1980-01-08,Female,2021-03-04
CUST0141,Liam Brown,liam.brown81@email.com,9292813998,Kolkata,1971-02-15,Male,2023-02-09
CUST0142,Priya Jones,priya.jones8@email.com,7103875130,Hyderabad,1962-10-22,Male,2024-05-25
CUST0143,Rahul Johnson,rahul.johnson43@email.com,8649902430,Mumbai,1972-03-19,Female,2024-11-13
CUST0144,Rahul Nair,rahul.nair1@email.com,9099128432,Surat,1973-05-04,Male,2021-02-19
CUST0145,Logan Reddy,logan.reddy61@email.com,9073354826,Ahmedabad,1964-10-23,Female,2022-05-30
CUST0146,Omar Brown,omar.brown64@email.com,6569973401,Ahmedabad,1996-07-19,Male,2021-01-18
CUST0147,Sophia Iyer,sophia.iyer89@email.com,9319191017,Bangalore,1996-11-27,Male,2022-11-03
CUST0148,Isabella Smith,isabella.smith47@email.com,9366537236,Surat,1980-09-01,Male,2023-11-15
CUST0149,Karan Williams,karan.williams21@email.com,7062177693,Kolkata,1993-10-09,Male,2024-08-23
CUST0150,Priya Garcia,priya.garcia70@email.com,7399121485,Bangalore,1984-10-14,Female,2021-08-04
CUST0151,Rohan Nair,rohan.nair11@email.com,6894817966,Delhi,1988-01-07,Female,2023-10-18
CUST0152,Noah Jones,noah.jones30@email.com,6570934976,Kolkata,1967-10-08,Female,2024-06-24
CUST0153,Aisha Reddy,aisha.reddy69@email.com,9637781773,Delhi,1993-07-20,Female,2022-08-25
CUST0154,Arjun Wilson,arjun.wilson48@email.com,7091164374,Chennai,1972-01-03,Male,2023-06-19
CUST0155,Pooja Joshi,pooja.joshi31@email.com,6658513824,Chennai,1971-01-02,Male,2022-10-31
CUST0156,Rohan Williams,rohan.williams32@email.com,8178942203,Jaipur,1971-04-16,Male,2024-08-23
CUST0157,Sophia Mehta,sophia.mehta60@email.com,6159013186,Delhi,1989-04-22,Male,2023-08-31
CUST0158,Aisha Reddy,aisha.reddy58@email.com,9927213114,Pune,1997-09-14,Male,2022-08-25
CUST0159,Pooja Mehta,pooja.mehta25@email.com,8579099111,Surat,1962-04-05,Male,2021-06-03
CUST0160,Divya Martinez,divya.martinez23@email.com,7928929318,Surat,1998-11-07,Female,2024-09-23
CUST0161,Aarav Mehta,aarav.mehta77@email.com,9048164490,Surat,1988-08-05,Female,2022-03-22
CUST0162,Priya Johnson,priya.johnson19@email.com,6189693820,Hyderabad,1975-04-02,Female,2021-03-20
CUST0163,Emma Gupta,emma.gupta2@email.com,9516861417,Pune,1996-07-18,Female,2024-10-21
CUST0164,Divya Joshi,divya.joshi40@email.com,6334727280,Hyderabad,1987-11-09,Male,2023-10-13
CUST0165,Riya Garcia,riya.garcia53@email.com,6435457141,Kolkata,1962-11-02,Male,2024-08-02
CUST0166,Riya Singh,riya.singh21@email.com,7708418301,Chennai,1989-04-17,Female,2022-08-04
CUST0167,Olivia Iyer,olivia.iyer7@email.com,7341584069,Surat,1978-09-28,Female,2023-04-29
CUST0168,Kavya Sharma,kavya.sharma99@email.com,9445508768,Pune,1998-10-07,Male,2023-03-12
CUST0169,Ava Williams,ava.williams1@email.com,7864721165,Bangalore,1969-02-18,Female,2021-08-21
CUST0170,Logan Singh,logan.singh74@email.com,9791760125,Pune,1978-03-22,Female,2021-11-29
CUST0171,Vikram Sharma,vikram.sharma71@email.com,6612019125,Kolkata,1962-04-26,Male,2024-03-19
CUST0172,Emma Johnson,emma.johnson65@email.com,6737384309,Bangalore,1993-01-26,Female,2022-08-04
CUST0173,Anjali Martinez,anjali.martinez9@email.com,6467261714,Kolkata,1967-09-15,Female,2022-02-09
CUST0174,Meera Kumar,meera.kumar6@email.com,9920440263,Ahmedabad,1997-07-23,Female,2021-04-20
CUST0175,Emma Williams,emma.williams92@email.com,8664352767,Bangalore,1963-11-14,Male,2024-06-25
CUST0176,Aditya Moore,aditya.moore26@email.com,9561334078,Ahmedabad,1997-12-18,Male,2024-03-03
CUST0177,Karan Patel,karan.patel67@email.com,6672071773,Kolkata,1977-12-06,Female,2021-09-10
CUST0178,Vikram Reddy,vikram.reddy25@email.com,6176518982,Jaipur,1992-07-07,Male,2024-09-29
CUST0179,Logan Smith,logan.smith50@email.com,8574917822,Ahmedabad,1965-04-12,Female,2024-08-22
CUST0180,Kavya Iyer,kavya.iyer32@email.com,7828538688,Kolkata,1986-02-18,Female,2023-07-05
CUST0181,Amit Jones,amit.jones3@email.com,6015067155,Surat,1968-01-07,Female,2023-08-11
CUST0182,Pooja Jones,pooja.jones80@email.com,9349966647,Ahmedabad,1994-04-02,Male,2023-08-28
CUST0183,Aditya Mehta,aditya.mehta17@email.com,7540068208,Kolkata,1963-01-04,Female,2021-07-07
CUST0184,Sophia Jones,sophia.jones66@email.com,8822204877,Mumbai,1982-08-16,Male,2024-07-27
CUST0185,Vikram Singh,vikram.singh41@email.com,9339921553,Jaipur,1992-11-25,Male,2021-04-22
CUST0186,William Martinez,william.martinez49@email.com,8803521222,Bangalore,2000-02-21,Male,2021-05-16
CUST0187,Emma Mehta,emma.mehta17@email.com,9804030819,Ahmedabad,1968-09-08,Female,2021-12-05
CUST0188,Olivia Reddy,olivia.reddy45@email.com,8621839762,Chennai,1962-12-09,Male,2022-10-26
CUST0189,Aisha Moore,aisha.moore59@email.com,6616638316,Chennai,1972-05-02,Female,2022-03-03
CUST0190,James Nair,james.nair65@email.com,7019621697,Pune,1987-08-17,Female,2021-03-17
CUST0191,Karan Joshi,karan.joshi21@email.com,8734054966,Chennai,1978-02-05,Female,2023-02-11
CUST0192,Anjali Nair,anjali.nair99@email.com,8279430361,Mumbai,1965-02-28,Female,2023-07-17
CUST0193,Riya Martinez,riya.martinez89@email.com,9790458686,Delhi,1986-01-07,Female,2024-01-03
CUST0194,Liam Williams,liam.williams48@email.com,7137110302,Kolkata,1993-02-06,Female,2024-03-28
CUST0195,Vikram Johnson,vikram.johnson98@email.com,6349548196,Ahmedabad,1974-11-03,Male,2021-12-28
CUST0196,Emma Patel,emma.patel67@email.com,7089429186,Chennai,1973-04-17,Female,2021-01-04
CUST0197,Ava Patel,ava.patel20@email.com,7249713596,Surat,1969-12-10,Female,2023-05-06
CUST0198,Amit Johnson,amit.johnson7@email.com,6567035729,Ahmedabad,2000-03-03,Male,2024-06-08
CUST0199,Liam Patel,liam.patel7@email.com,6011233464,Surat,1960-12-31,Female,2022-09-15
CUST0200,Sneha Martinez,sneha.martinez69@email.com,6963184921,Kolkata,1976-01-08,Female,2024-04-21
CUST0201,Vikram Gupta,vikram.gupta80@email.com,9558258857,Ahmedabad,1976-06-05,Male,2021-10-03
CUST0202,Aarav Reddy,aarav.reddy20@email.com,7936399330,Delhi,1991-09-26,Male,2024-07-31
CUST0203,Vikram Nair,vikram.nair34@email.com,6049375134,Mumbai,1978-01-11,Female,2024-05-02
CUST0204,Liam Wilson,liam.wilson78@email.com,8222999874,Ahmedabad,1979-11-27,Male,2021-12-05
CUST0205,Aisha Sharma,aisha.sharma8@email.com,8282892820,Mumbai,1961-12-21,Female,2022-01-16
CUST0206,Pooja Joshi,pooja.joshi14@email.com,6053043242,Surat,1962-08-14,Male,2021-10-19
CUST0207,Kavya Gupta,kavya.gupta78@email.com,8760348357,Jaipur,1983-04-01,Female,2024-06-09
CUST0208,Anjali Martinez,anjali.martinez9@email.com,7289633370,Mumbai,1973-11-16,Female,2024-01-08
CUST0209,Aarav Williams,aarav.williams56@email.com,9200555700,Ahmedabad,1997-11-17,Male,2024-09-04
CUST0210,Nikhil Joshi,nikhil.joshi14@email.com,7122819321,Hyderabad,1970-02-18,Male,2021-09-10
CUST0211,Rahul Nair,rahul.nair7@email.com,7142408496,Jaipur,1991-12-04,Female,2024-11-05
CUST0212,Sophia Martinez,sophia.martinez38@email.com,8757382665,Hyderabad,1971-11-25,Male,2023-11-06
CUST0213,Aarav Joshi,aarav.joshi31@email.com,9615172307,Hyderabad,1971-09-05,Male,2022-11-01
CUST0214,Karan Williams,karan.williams77@email.com,7027217666,Kolkata,1974-09-27,Female,2023-08-25
CUST0215,Logan Martinez,logan.martinez1@email.com,9683032202,Mumbai,1991-04-17,Female,2022-04-24
CUST0216,James Iyer,james.iyer28@email.com,7681750513,Surat,1995-05-27,Male,2024-03-03
CUST0217,Omar Joshi,omar.joshi5@email.com,6115545571,Delhi,1966-06-27,Male,2024-06-27
CUST0218,Omar Joshi,omar.joshi19@email.com,9009654595,Mumbai,1975-06-21,Male,2021-03-27
CUST0219,Vikram Patel,vikram.patel9@email.com,9164468633,Mumbai,1991-04-07,Male,2024-04-24
CUST0220,William Johnson,william.johnson69@email.com,9828019373,Delhi,1968-12-09,Female,2021-08-08
CUST0221,Pooja Gupta,pooja.gupta15@email.com,6145430293,Mumbai,1969-02-10,Male,2024-07-17
CUST0222,Liam Iyer,liam.iyer13@email.com,6569743464,Delhi,1981-05-27,Male,2022-08-27
CUST0223,Rahul Smith,rahul.smith34@email.com,6089844110,Pune,1979-01-03,Female,2022-08-02
CUST0224,Priya Johnson,priya.johnson42@email.com,9303849890,Surat,2000-10-31,Female,2022-08-13
CUST0225,Emma Sharma,emma.sharma53@email.com,6134210446,Kolkata,1995-05-24,Male,2022-12-12
CUST0226,Shruti Patel,shruti.patel73@email.com,6930179340,Delhi,1984-02-16,Female,2021-12-15
CUST0227,Kavya Sharma,kavya.sharma26@email.com,7238387941,Mumbai,1983-06-26,Male,2022-12-14
CUST0228,Shruti Mehta,shruti.mehta89@email.com,9422109247,Bangalore,1982-01-17,Female,2024-04-28
CUST0229,Divya Martinez,divya.martinez74@email.com,6682450377,Chennai,1971-09-09,Male,2024-12-03
CUST0230,Pooja Garcia,pooja.garcia15@email.com,8733882717,Delhi,1967-06-09,Female,2024-11-28
CUST0231,Riya Mehta,riya.mehta42@email.com,7527363653,Delhi,1988-03-02,Female,2023-03-20
CUST0232,Aisha Singh,aisha.singh83@email.com,6108121635,Pune,1978-12-08,Male,2022-09-13
CUST0233,Arjun Brown,arjun.brown70@email.com,8152595432,Bangalore,2000-06-04,Female,2024-07-15
CUST0234,Pooja Jones,pooja.jones69@email.com,8551589991,Surat,1965-09-09,Male,2022-12-15
CUST0235,James Smith,james.smith20@email.com,9728023983,Ahmedabad,1983-05-28,Female,2021-12-14
CUST0236,Nikhil Jones,nikhil.jones99@email.com,7104720978,Surat,1990-11-28,Male,2021-09-16
CUST0237,Rahul Jones,rahul.jones90@email.com,7021946287,Jaipur,1988-10-30,Male,2022-07-02
CUST0238,Meera Moore,meera.moore93@email.com,6669953546,Hyderabad,1966-12-07,Female,2024-05-19
CUST0239,Amit Johnson,amit.johnson31@email.com,7409071704,Hyderabad,1967-03-21,Female,2021-07-28
CUST0240,Anjali Mehta,anjali.mehta50@email.com,6648368661,Bangalore,1968-10-06,Female,2022-09-02
CUST0241,Kavya Nair,kavya.nair14@email.com,8740106933,Delhi,1968-10-19,Female,2022-02-27
CUST0242,Aisha Williams,aisha.williams5@email.com,6054190896,Kolkata,1980-10-22,Female,2024-11-21
CUST0243,Pooja Martinez,pooja.martinez38@email.com,7989769241,Mumbai,1988-05-13,Male,2022-06-11
CUST0244,Emma Williams,emma.williams95@email.com,7040602907,Kolkata,1960-03-31,Female,2022-04-14
CUST0245,Olivia Wilson,olivia.wilson30@email.com,8918844848,Bangalore,1998-03-28,Male,2023-07-19
CUST0246,Kavya Smith,kavya.smith81@email.com,9009269608,Delhi,1971-08-27,Female,2022-05-12
CUST0247,Sophia Williams,sophia.williams92@email.com,8704174579,Bangalore,1991-12-28,Female,2023-05-18
CUST0248,Shruti Jones,shruti.jones80@email.com,9687390468,Kolkata,1960-11-18,Male,2024-09-02
CUST0249,Rahul Sharma,rahul.sharma63@email.com,9900654769,Delhi,1977-06-08,Male,2022-05-30
CUST0250,Riya Gupta,riya.gupta92@email.com,9357769775,Hyderabad,1967-03-20,Female,2021-07-27
CUST0251,Isabella Wilson,isabella.wilson70@email.com,6880390640,Ahmedabad,1980-06-27,Male,2024-08-02
CUST0252,Sophia Johnson,sophia.johnson44@email.com,7762434040,Ahmedabad,1983-05-27,Male,2024-11-02
CUST0253,Anjali Williams,anjali.williams98@email.com,6525680926,Surat,1983-01-17,Female,2024-07-29
CUST0254,Priya Nair,priya.nair49@email.com,7716630468,Mumbai,1972-04-22,Male,2021-06-03
CUST0255,Kavya Brown,kavya.brown90@email.com,8898605158,Pune,1988-03-12,Female,2021-08-12
CUST0256,Pooja Iyer,pooja.iyer52@email.com,8263776079,Hyderabad,1993-04-05,Female,2023-08-05
CUST0257,Karan Joshi,karan.joshi9@email.com,9477087033,Hyderabad,1965-10-19,Female,2024-08-08
CUST0258,Riya Reddy,riya.reddy19@email.com,7516689178,Kolkata,1996-07-17,Female,2022-08-26
CUST0259,William Davis,william.davis17@email.com,9349416011,Ahmedabad,1989-02-20,Female,2022-04-17
CUST0260,Arjun Williams,arjun.williams33@email.com,7830104746,Bangalore,1990-11-02,Female,2021-01-06
CUST0261,Sophia Nair,sophia.nair32@email.com,8810638332,Chennai,1976-01-22,Female,2023-09-10
CUST0262,Shruti Brown,shruti.brown82@email.com,6366882580,Pune,1987-12-18,Male,2022-09-13
CUST0263,Isabella Williams,isabella.williams11@email.com,9555802905,Surat,1962-07-23,Female,2021-10-15
CUST0264,Amit Johnson,amit.johnson75@email.com,6064363711,Mumbai,1988-05-26,Male,2021-05-28
CUST0265,Liam Iyer,liam.iyer78@email.com,6435990458,Surat,1971-03-20,Male,2022-04-24
CUST0266,Anjali Jones,anjali.jones20@email.com,6895676393,Kolkata,1975-07-17,Male,2024-06-02
CUST0267,Aisha Moore,aisha.moore12@email.com,8871004927,Jaipur,1995-01-17,Female,2022-02-09
CUST0268,Shruti Gupta,shruti.gupta11@email.com,9186487508,Ahmedabad,1983-10-23,Male,2024-02-11
CUST0269,Sneha Nair,sneha.nair30@email.com,9552169368,Bangalore,1978-10-18,Female,2023-10-07
CUST0270,Riya Patel,riya.patel60@email.com,9888935445,Bangalore,1981-09-22,Female,2022-05-20
CUST0271,Shruti Joshi,shruti.joshi77@email.com,9706031485,Mumbai,1984-03-14,Male,2022-10-19
CUST0272,Nikhil Wilson,nikhil.wilson86@email.com,7274821168,Ahmedabad,1982-04-27,Female,2023-05-23
CUST0273,Kavya Singh,kavya.singh82@email.com,7547799813,Mumbai,1968-02-05,Male,2024-06-02
CUST0274,Priya Smith,priya.smith13@email.com,8193120184,Ahmedabad,1996-04-09,Female,2021-10-23
CUST0275,Priya Gupta,priya.gupta54@email.com,8685547960,Bangalore,1992-03-19,Female,2021-07-13
CUST0276,Isabella Johnson,isabella.johnson61@email.com,9343735073,Jaipur,1975-04-24,Male,2022-08-05
CUST0277,Kavya Smith,kavya.smith33@email.com,8379530487,Mumbai,1978-12-12,Female,2022-08-23
CUST0278,Divya Garcia,divya.garcia43@email.com,8163586211,Chennai,1978-02-09,Female,2022-02-21
CUST0279,Liam Garcia,liam.garcia16@email.com,7421188653,Hyderabad,1995-07-11,Female,2024-12-31
CUST0280,Meera Kumar,meera.kumar82@email.com,6376136997,Mumbai,1986-04-22,Female,2024-02-10
CUST0281,Aisha Williams,aisha.williams74@email.com,6213458110,Kolkata,1984-06-18,Female,2021-08-11
CUST0282,Aarav Patel,aarav.patel61@email.com,8614284802,Mumbai,1968-07-08,Female,2024-06-16
CUST0283,Vikram Moore,vikram.moore88@email.com,6356496077,Hyderabad,1999-04-23,Male,2024-09-28
CUST0284,Liam Jones,liam.jones98@email.com,6746913409,Delhi,1988-01-18,Male,2021-03-17
CUST0285,Kavya Mehta,kavya.mehta2@email.com,7584281658,Bangalore,1989-05-31,Female,2024-02-26
CUST0286,Noah Nair,noah.nair39@email.com,6793608273,Kolkata,1998-09-08,Male,2022-10-15
CUST0287,Aarav Brown,aarav.brown83@email.com,8483688996,Mumbai,1985-05-27,Female,2024-03-08
CUST0288,Amit Patel,amit.patel16@email.com,9323347553,Kolkata,1996-12-29,Female,2023-07-04
CUST0289,Rohan Sharma,rohan.sharma50@email.com,8550620988,Surat,1990-07-02,Male,2023-09-01
CUST0290,William Brown,william.brown14@email.com,6356159024,Ahmedabad,1984-08-13,Male,2021-11-07
CUST0291,Liam Sharma,liam.sharma1@email.com,6040061175,Delhi,1979-02-25,Male,2022-03-23
CUST0292,Isabella Mehta,isabella.mehta61@email.com,6076351944,Chennai,1965-10-14,Male,2023-07-13
CUST0293,Ava Joshi,ava.joshi47@email.com,9324403812,Bangalore,1962-04-01,Male,2022-08-24
CUST0294,Liam Davis,liam.davis64@email.com,7978174846,Chennai,1991-10-25,Male,2021-03-07
CUST0295,Aarav Patel,aarav.patel84@email.com,8949093189,Surat,1960-08-29,Male,2023-03-08
CUST0296,Meera Iyer,meera.iyer77@email.com,6712951814,Ahmedabad,1992-09-20,Male,2022-10-10
CUST0297,Divya Wilson,divya.wilson57@email.com,8017784384,Bangalore,1992-08-23,Male,2021-08-28
CUST0298,Divya Joshi,divya.joshi54@email.com,8048537235,Kolkata,1988-03-31,Female,2022-07-12
CUST0299,Sophia Wilson,sophia.wilson38@email.com,7202191840,Mumbai,1974-12-23,Female,2024-05-25
CUST0300,Ava Sharma,ava.sharma20@email.com,8581865060,Chennai,1997-04-15,Female,2022-05-20
CUST0301,Aditya Williams,aditya.williams49@email.com,8584634338,Hyderabad,1990-09-20,Female,2022-08-04
CUST0302,Noah Sharma,noah.sharma34@email.com,7151150073,Kolkata,1974-06-03,Male,2024-04-16
CUST0303,Omar Patel,omar.patel19@email.com,9486450070,Surat,1972-12-10,Male,2022-07-15
CUST0304,Isabella Davis,isabella.davis64@email.com,7489723358,Jaipur,1990-09-17,Male,2024-01-11
CUST0305,Riya Garcia,riya.garcia49@email.com,6860842628,Hyderabad,1995-10-08,Female,2024-05-27
CUST0306,Priya Williams,priya.williams91@email.com,6887280569,Chennai,1980-11-14,Male,2023-02-28
CUST0307,Nikhil Davis,nikhil.davis69@email.com,9464213035,Pune,1963-12-07,Male,2022-04-22
CUST0308,Aditya Wilson,aditya.wilson34@email.com,9801449746,Jaipur,1983-05-16,Female,2023-09-04
CUST0309,Amit Wilson,amit.wilson25@email.com,6913512269,Hyderabad,1969-01-20,Male,2022-01-06
CUST0310,Sophia Iyer,sophia.iyer74@email.com,8424211836,Pune,1976-04-10,Female,2023-11-26
CUST0311,Isabella Kumar,isabella.kumar6@email.com,9962614722,Ahmedabad,1971-01-18,Female,2021-08-06
CUST0312,Divya Jones,divya.jones11@email.com,6670680413,Pune,1995-04-26,Male,2022-12-08
CUST0313,Arjun Martinez,arjun.martinez3@email.com,6404091005,Mumbai,1987-03-27,Male,2024-03-04
CUST0314,Shruti Wilson,shruti.wilson28@email.com,7123550196,Chennai,1985-06-10,Female,2021-07-18
CUST0315,Nikhil Wilson,nikhil.wilson78@email.com,6562227584,Chennai,1996-09-23,Male,2022-11-25
CUST0316,Karan Joshi,karan.joshi11@email.com,6118194420,Mumbai,1976-12-18,Male,2024-02-16
CUST0317,Divya Jones,divya.jones9@email.com,9706428947,Surat,1981-11-02,Female,2021-09-03
CUST0318,Noah Singh,noah.singh41@email.com,8424406736,Hyderabad,1971-07-15,Male,2024-10-03
CUST0319,Amit Williams,amit.williams58@email.com,9649409774,Bangalore,1968-03-11,Female,2022-04-27
CUST0320,Ava Reddy,ava.reddy5@email.com,7098919727,Pune,1967-09-21,Male,2024-02-07
CUST0321,Aisha Sharma,aisha.sharma7@email.com,7107686010,Jaipur,1997-07-21,Female,2021-04-25
CUST0322,Sneha Kumar,sneha.kumar97@email.com,6024814209,Hyderabad,1974-04-01,Female,2024-04-22
CUST0323,James Jones,james.jones84@email.com,6452775175,Ahmedabad,1993-12-30,Female,2023-02-01
CUST0324,Arjun Williams,arjun.williams48@email.com,8067224216,Kolkata,1965-07-26,Male,2023-06-23
CUST0325,Pooja Kumar,pooja.kumar2@email.com,8009607509,Hyderabad,1990-05-25,Male,2021-11-18
CUST0326,Omar Reddy,omar.reddy80@email.com,9722671313,Pune,1963-06-28,Male,2023-07-05
CUST0327,Sneha Williams,sneha.williams3@email.com,8698831364,Delhi,1997-10-12,Female,2022-11-27
CUST0328,Rahul Reddy,rahul.reddy15@email.com,8698026082,Pune,1981-06-02,Male,2022-11-11
CUST0329,Pooja Patel,pooja.patel92@email.com,7938652364,Jaipur,1968-02-01,Male,2023-06-19
CUST0330,Isabella Kumar,isabella.kumar54@email.com,7768588823,Hyderabad,1971-12-13,Male,2021-02-22
CUST0331,Arjun Wilson,arjun.wilson38@email.com,7436704601,Bangalore,1997-08-29,Female,2023-10-03
CUST0332,Sneha Smith,sneha.smith62@email.com,6490348549,Bangalore,1980-06-18,Male,2024-07-16
CUST0333,Aisha Gupta,aisha.gupta62@email.com,9587510134,Chennai,1985-02-12,Male,2022-06-12
CUST0334,William Gupta,william.gupta56@email.com,7123231814,Hyderabad,1976-05-04,Male,2021-07-19
CUST0335,Aditya Iyer,aditya.iyer21@email.com,6246884885,Chennai,1978-08-23,Male,2024-08-03
CUST0336,Aarav Jones,aarav.jones65@email.com,7464179948,Jaipur,1996-03-14,Male,2023-06-27
CUST0337,Aarav Martinez,aarav.martinez24@email.com,7546614310,Kolkata,1972-11-05,Male,2023-04-18
CUST0338,Karan Nair,karan.nair24@email.com,6593025439,Bangalore,1985-08-17,Male,2024-12-28
CUST0339,Anjali Gupta,anjali.gupta11@email.com,9560402869,Delhi,1986-12-11,Female,2022-07-15
CUST0340,Anjali Gupta,anjali.gupta79@email.com,8877196589,Hyderabad,1966-02-23,Female,2022-02-19
CUST0341,Aarav Singh,aarav.singh94@email.com,8231501739,Kolkata,1991-01-19,Male,2023-11-28
CUST0342,Sophia Johnson,sophia.johnson37@email.com,9615966800,Ahmedabad,1975-01-14,Male,2021-02-01
CUST0343,Kavya Garcia,kavya.garcia86@email.com,7143576058,Hyderabad,1965-12-23,Male,2024-02-28
CUST0344,Logan Johnson,logan.johnson21@email.com,9016171944,Pune,1961-08-23,Male,2022-12-31
CUST0345,Amit Jones,amit.jones10@email.com,6518711608,Pune,1983-02-17,Male,2022-10-20
CUST0346,William Williams,william.williams97@email.com,9857063127,Mumbai,1985-11-07,Female,2021-08-09
CUST0347,Ava Garcia,ava.garcia66@email.com,6110130860,Jaipur,1980-01-10,Male,2021-02-12
CUST0348,Pooja Singh,pooja.singh80@email.com,6783375522,Bangalore,1970-01-13,Male,2022-10-01
CUST0349,Arjun Davis,arjun.davis4@email.com,6083542126,Delhi,1996-08-27,Male,2022-06-20
CUST0350,Aarav Moore,aarav.moore74@email.com,7992607567,Jaipur,1988-07-25,Male,2024-12-10
CUST0351,Nikhil Mehta,nikhil.mehta13@email.com,9079913063,Bangalore,1975-09-24,Male,2022-07-14
CUST0352,Sneha Jones,sneha.jones75@email.com,8150728643,Chennai,1982-02-21,Male,2021-09-07
CUST0353,Sneha Williams,sneha.williams18@email.com,8326144352,Surat,1999-09-03,Male,2022-04-10
CUST0354,Vikram Wilson,vikram.wilson96@email.com,7703436809,Bangalore,1980-09-22,Male,2024-07-24
CUST0355,Aditya Brown,aditya.brown78@email.com,8257501070,Mumbai,1986-10-12,Female,2021-04-17
CUST0356,William Johnson,william.johnson52@email.com,7032411715,Pune,1975-03-09,Female,2024-03-01
CUST0357,Sophia Smith,sophia.smith52@email.com,9640546040,Jaipur,1996-07-23,Male,2022-10-28
CUST0358,Amit Kumar,amit.kumar46@email.com,7070668533,Kolkata,1990-07-05,Male,2023-01-17
CUST0359,Sneha Martinez,sneha.martinez9@email.com,7393073727,Kolkata,1968-05-29,Male,2023-10-31
CUST0360,Olivia Sharma,olivia.sharma18@email.com,7807012861,Kolkata,1970-02-11,Female,2024-07-20
CUST0361,Priya Patel,priya.patel83@email.com,8666856454,Chennai,1961-07-17,Female,2024-07-10
CUST0362,Riya Patel,riya.patel13@email.com,7076237814,Delhi,1987-11-13,Male,2023-06-08
CUST0363,Pooja Patel,pooja.patel15@email.com,7311733442,Pune,1972-11-23,Male,2021-09-04
CUST0364,Priya Moore,priya.moore35@email.com,6362813315,Ahmedabad,1983-01-17,Male,2023-06-21
CUST0365,Sneha Martinez,sneha.martinez38@email.com,9932421269,Kolkata,1965-11-22,Female,2022-07-16
CUST0366,Pooja Singh,pooja.singh70@email.com,7233374680,Ahmedabad,1993-03-18,Male,2024-08-24
CUST0367,Aditya Gupta,aditya.gupta91@email.com,7575453067,Ahmedabad,1984-08-09,Female,2024-06-09
CUST0368,Shruti Garcia,shruti.garcia40@email.com,6132982259,Hyderabad,1996-09-23,Female,2022-03-30
CUST0369,Karan Martinez,karan.martinez50@email.com,8515490691,Kolkata,1984-06-27,Male,2022-12-24
CUST0370,Anjali Reddy,anjali.reddy72@email.com,7397916363,Ahmedabad,1974-07-13,Female,2022-08-07
CUST0371,Aisha Gupta,aisha.gupta8@email.com,9316267102,Mumbai,1973-04-03,Male,2024-02-03
CUST0372,Rohan Moore,rohan.moore45@email.com,7889726018,Mumbai,1999-01-30,Female,2023-06-20
CUST0373,Divya Mehta,divya.mehta29@email.com,8910524373,Bangalore,1983-05-14,Female,2022-11-22
CUST0374,Olivia Johnson,olivia.johnson87@email.com,6869698839,Surat,1966-04-18,Female,2023-11-27
CUST0375,Sneha Garcia,sneha.garcia81@email.com,9043207766,Bangalore,1972-01-20,Female,2021-07-31
CUST0376,Aarav Brown,aarav.brown71@email.com,8516140287,Delhi,1994-05-06,Female,2023-03-26
CUST0377,James Kumar,james.kumar36@email.com,9748481146,Surat,1978-09-30,Male,2023-02-17
CUST0378,Isabella Jones,isabella.jones59@email.com,7237221248,Pune,1991-01-26,Female,2022-12-24
CUST0379,Aditya Martinez,aditya.martinez77@email.com,7651418803,Pune,1984-11-28,Male,2023-10-21
CUST0380,Aditya Jones,aditya.jones24@email.com,8305857423,Chennai,1973-06-16,Male,2023-06-12
CUST0381,James Williams,james.williams30@email.com,6377655301,Pune,1986-02-01,Female,2024-05-30
CUST0382,Logan Reddy,logan.reddy27@email.com,7831577058,Mumbai,1974-08-13,Male,2021-04-08
CUST0383,Arjun Wilson,arjun.wilson64@email.com,7287712475,Jaipur,2000-03-09,Female,2024-01-08
CUST0384,Emma Brown,emma.brown67@email.com,9122936681,Kolkata,1983-03-18,Female,2023-08-09
CUST0385,Divya Patel,divya.patel87@email.com,7507992095,Ahmedabad,1986-09-04,Male,2024-10-17
CUST0386,Rohan Martinez,rohan.martinez13@email.com,7758871157,Pune,1970-04-14,Female,2024-08-21
CUST0387,Riya Wilson,riya.wilson25@email.com,7809148941,Ahmedabad,1966-12-01,Female,2023-06-21
CUST0388,William Moore,william.moore76@email.com,7474374989,Jaipur,2000-05-01,Male,2021-12-16
CUST0389,Divya Smith,divya.smith10@email.com,9547768883,Chennai,1976-06-12,Male,2021-08-15
CUST0390,Liam Iyer,liam.iyer44@email.com,9524255389,Jaipur,1990-12-12,Female,2024-07-16
CUST0391,Anjali Martinez,anjali.martinez66@email.com,6892469260,Jaipur,1973-01-02,Male,2023-04-25
CUST0392,Anjali Patel,anjali.patel73@email.com,8590413524,Delhi,1988-04-06,Female,2024-03-13
CUST0393,Liam Patel,liam.patel53@email.com,6046101015,Mumbai,1991-01-11,Female,2024-12-26
CUST0394,Noah Davis,noah.davis39@email.com,7707533381,Delhi,1960-03-05,Male,2024-09-30
CUST0395,Aarav Gupta,aarav.gupta64@email.com,9302684992,Jaipur,1967-11-10,Female,2024-08-17
CUST0396,Aisha Davis,aisha.davis19@email.com,8467320085,Hyderabad,1983-01-26,Female,2024-05-17
CUST0397,Sneha Kumar,sneha.kumar67@email.com,9262009968,Jaipur,1967-01-12,Male,2021-03-01
CUST0398,Sneha Singh,sneha.singh67@email.com,8106366488,Ahmedabad,1967-08-26,Female,2021-05-08
CUST0399,Liam Sharma,liam.sharma99@email.com,8486111370,Pune,1990-09-15,Male,2022-05-03
CUST0400,Divya Nair,divya.nair5@email.com,7145081441,Delhi,1967-08-07,Male,2022-12-16
